{
  ", tình trạng ": 0,
  ", tình trạng Tạm ổn": 1,
  ".Bướu đại bào xương đầu dưới xương chày phải/ mổ 17 ngày, tình trạng Tạm ổn": 2,
  "Biến dạng cổ tay T/ Bướu đại bào đầu dưới xương quay Trái đã mổ 1 năm+ Chấn thương cổ tay P, tình trạng Ổn": 3,
  "Boc xuong phong mau xuong chau Trái da mo+ tê đùi T+ Thoái hóa khớp, tình trạng Tạm ổn": 4,
  "Bong nơi bám gân gót T/ loãng xương, tình trạng Tạm ổn": 5,
  "Bong điểm bám DCCT gối Trái đã mổ lành, tình trạng Tạm ổn": 6,
  "Bong điểm bám dây chằng chéo trước gối Trái đã mổ 4 tháng, tình trạng Tạm ổn": 7,
  "Bươu đại bào xương đầu dưới xương quay tay trái, tình trạng Ổn": 8,
  "Bướu lành khác của mô liên kết và mô mềm khác/ đã mổ tuyến trước, tình trạng Tạm ổn": 9,
  "Bướu lành mạch máu cẳng tay phải tái phát, tình trạng Bệnh ổn": 10,
  "Bướu lành sụn của xương bàn 4 tay T, tình trạng Tạm ổn": 11,
  "Bướu lành sụn vùng cổ xương đùi (P) đã mổ 48 tháng, tình trạng Tạm ổn": 12,
  "Bướu lành sụn đầu thân trên xương cánh tay trái/ đã mổ, tình trạng Tạm ổn": 13,
  "Bướu lành sụn đầu trên xương cánh tay (T) đã sinh thiết/ K vú điều trị ổn định/ thoái hóa khớp gối, tình trạng Tạm ổn": 14,
  "Bướu lành sụn đầu trên xương cánh tay Phải, tình trạng Tạm ổn định": 15,
  "Bướu lành sụn đầu trên xương cánh tay Trái đã mổ, hạn chế vận động vai T, tình trạng Tạm ổn": 16,
  "Bướu lành sụn đốt gần ngón III tay trái, tình trạng Ổn": 17,
  "Bướu lành xương dạng xương đầu trên xương đùi (P)/ mổ 45 ngày. Tổn thương thần kinh mác chung., tình trạng Tạm ổn": 18,
  "Bướu lành xương vùng xương chày và lồi cầu đùi phải, tình trạng Ổn": 19,
  "Bướu lành xương đầu trên xương cánh tay Trái đã mổ tái phát, tình trạng Bệnh tỉnh": 20,
  "Bướu mạch máu phần mềm cẳng chân PHẢI, tình trạng Tạm ổn định": 21,
  "Bướu mạch máu vùng chỏm xương bàn 4,5 chân Trái đã mổ, tình trạng Ổn": 22,
  "Bướu nguyên bào sụn của xương sên (P) đã mổ, tình trạng Tạm ổn": 23,
  "Bướu nguyên bào sụn xương đùi T đã mổ, tình trạng Tạm ổn": 24,
  "Bướu nguyên bào sụn đầu trên xương chày (T) đã mổ 12 tháng+ thoái hóa khớp gối (T), tình trạng Tạm ổn": 25,
  "Bướu nguyên bào sụn đầu trên xương chày phải đã mổ, tình trạng Tạm ổn": 26,
  "Bướu nguyên bào sụn đầu trên xương cánh tay (T) đã mổ, tình trạng Tạm ổn": 27,
  "Bướu nguyên bào sụn đầu trên xương đùi Phải tái phát/Thoái hóa khớp, tình trạng Tạm ổn": 28,
  "Bướu nội sụn đốt 1 ngón 4 tay Trái đã mổ / Gãy xương đốt 1 ngón 4 sau chấn thương, tình trạng Tạm ổn": 29,
  "Bướu phần mềm cánh tay phải- theo dõi bướu mạch máu, tình trạng Tạm ổn": 30,
  "Bướu phần mềm cổ chân phải, tình trạng Ổn": 31,
  "Bướu sợi dạng bó của xương chày Phải, tình trạng Tạm ổn": 32,
  "Bướu sợi dạng bó của xương cánh chậu (P)/ đã mổ/ thoái hóa khớp gối/ đau thần kinh tọa/ tê 2 tay, tình trạng Tạm ổn": 33,
  "Bướu sợi dạng bó mặt sau 1/3 dưới xương đùi Trái đã mổ, tình trạng Ổn": 34,
  "Bướu sợi không sinh xương 1/3 trên xương chày (T)/ Chẩn đoán phân biệt Viêm xương tủy, tình trạng Tạm ổn": 35,
  "Bướu sợi không sinh xương của xương chày Trái ( D16 ), tình trạng Tạm ổn": 36,
  "Bướu sợi không sinh xương vùng cổ xương đùi 2 bên, tình trạng Bệnh tỉnh": 37,
  "Bướu sợi không sinh xương đầu trên xương chầy T/ đau nhiều , khám sớm/ phù nề sau phẫu thuật, tình trạng Tạm ổn": 38,
  "Bướu sụn - xương đầu thân dưới xương chầy P, tình trạng Tạm ổn": 39,
  "Bướu sụn của đốt gần ngón 2 tay Phải, tình trạng Tạm ổn định": 40,
  "Bướu sụn sợi nhầy đầu dưới xương cánh tay (T)/mổ 4 năm+ Viêm nơi bám mỏm trên lồi cầu ngoài xương cánh tay Trái, tình trạng Tạm ổn": 41,
  "Bướu sụn xương - xương bàn 2 tay phải, tình trạng Ổn": 42,
  "Bướu sụn xương của xương mác Trái, tình trạng Tạm ổn định": 43,
  "Bướu sụn xương ngành chậu mu xương chậu trái đã mổ, tình trạng Bướu sụn xương ngành chậu mu xương chậu trái đã mổ": 44,
  "Bướu sụn xương nhiều nơi, tình trạng Tạm ổn": 45,
  "Bướu sụn xương đầu dưới xương trụ tay phải, tình trạng Ổn": 46,
  "Bướu sụn xương đầu dưới xương đùi trái, tình trạng Tạm ổn": 47,
  "Bướu sụn xương đầu thân dưới xương đùi P, tình trạng Tạm ổn": 48,
  "Bướu sụn xương đầu thân dưới xương đùi T, tình trạng Tổng trạng ổn, vết mổ khô": 49,
  "Bướu sụn xương đầu thân dưới xương đùi trái, tình trạng Ổn": 50,
  "Bướu sụn xương đầu thân trên xương mác Trái đã mổ, tình trạng Tạm ổn": 51,
  "Bướu sụn xương đầu trên xương cánh tay (P) đã mổ, tình trạng Tạm ổn": 52,
  "Bướu sụn xương đầu trên xương cánh tay Trái + Đau căng cơ cạnh sống lưng, tình trạng Tạm ổn": 53,
  "Bướu sụn xương ở xương đùi Phải tái phát, tình trạng Ổn": 54,
  "Bướu sụn-xương vùng cổ xương quay T, tình trạng Tạm ổn": 55,
  "Bướu tủy tương bào/ hủy xương cánh chậu phải/ đã sinh thiết, tình trạng Tạm ổn": 56,
  "Bướu vỏ bao thần kinh bàn tay Trái, tình trạng Ổn": 57,
  "Bướu vỏ bao thần kinh ngoại biên ác tính 1/3 trên đùi Phải xâm lấn vào vùng chậu đã hóa trị 1 đợt, tình trạng Ổn": 58,
  "Bướu xương bàn 1 bàn tay (TRÁI) đã mổ, tình trạng Ổn": 59,
  "Bướu xương cổ xương đùi (P). Phân biệt: chuyển sản sụn màng khớp., tình trạng Tạm ổn": 60,
  "Bướu xương dạng xương 1/3 trên xương đùi P, tình trạng Tạm ổn": 61,
  "Bướu xương dạng xương 1/3G xương chày Trái, tình trạng Tạm ổn": 62,
  "Bướu xương ngành chậu mu Trái theo dõi di căn xương, tình trạng Bệnh tạm ổn định": 63,
  "Bướu xương vùng cổ mấu chuyển xương đùi trái và ngàng ngồi mu trái, tình trạng Ổn": 64,
  "Bướu xương vùng lồi cầu trái, tình trạng Ổn": 65,
  "Bướu xương đùi Phải chưa rõ bản chất, tình trạng Tạm ổn": 66,
  "Bướu xương đầu trên xương cánh tay P, tình trạng Tạm ổn": 67,
  "Bướu ác của xương và sụn khớp của các chi, tình trạng Bệnh tạm ổn định, vết mổ khô": 68,
  "Bướu ác của xương và sụn khớp của các chi, tình trạng Ổn": 69,
  "Bướu ác của xương và sụn khớp của các chi, tình trạng Ổn định": 70,
  "Bướu ác mô bào sợi đầu dưới xương quay (P) đã mổ/ thoái hóa khớp/ Td nhiễm trùng muộn/ ngón tay bật, tình trạng Bệnh tỉnh": 71,
  "Bướu ác mô bào sợi đầu dưới xương đùi Phải đã đoạn chi 6 năm, tình trạng Tạm ổn": 72,
  "Bướu đại bào màng gân cổ tay Phải tái phát, tình trạng Bệnh tạm ổn định": 73,
  "Bướu đại bào màng gân duỗi ngón 1 tay phải+ đau cơ cổ, tình trạng Tạm ổn": 74,
  "Bướu đại bào màng gân ngón 1 tay PHẢI, tình trạng ": 75,
  "Bướu đại bào màng gân ngón 2 chân PHẢI, tình trạng ": 76,
  "Bướu đại bào màng gân ngón 4,5 tay phải, tình trạng Tạm ổn": 77,
  "Bướu đại bào màng gân ngón III tay Phải, tình trạng Ổn": 78,
  "Bướu đại bào màng gân ngón tay P/ TD HC ống cổ tay, tình trạng Tạm ổn": 79,
  "Bướu đại bào vùng mâm chày phải, tình trạng Ổn": 80,
  "Bướu đại bào xương - xương cánh tay T, tình trạng Tạm ổn": 81,
  "Bướu đại bào xương - xương mác Phải, thoái hóa khớp, tình trạng Tạm ổn định": 82,
  "Bướu đại bào xương bánh chè (T) đã mổ 12 tháng, tình trạng Ổn": 83,
  "Bướu đại bào xương gây gãy bệnh lý đầu dưới xương đùi Trái đã mổ, tình trạng Tạm ổn": 84,
  "Bướu đại bào xương gãy bệnh lý đầu dưới xương đùi Trái, tình trạng Tạm ổn": 85,
  "Bướu đại bào xương vùng chỏm xương bàn 1 chân (P) đã mổ, tình trạng Bệnh tỉnh": 86,
  "Bướu đại bào xương vùng cổ mấu chuyển xương đùi P tái phát / Gãy cổ xương đùi Phải, tình trạng Bệnh tạm ổn định, vết mổ khô": 87,
  "Bướu đại bào xương xương chày T, tình trạng Tạm ổn": 88,
  "Bướu đại bào xương đùi P, thoái hóa khớp gối, thoái hóa cột sống, TVĐĐ, tình trạng Ổn": 89,
  "Bướu đại bào xương đùi T/ đã mổ, tình trạng Tạm ổn": 90,
  "Bướu đại bào xương đầu dưới xương chày (P)/ mổ 11 tháng+ Đau Thần kinh tọa (P), tình trạng Tạm ổn": 91,
  "Bướu đại bào xương đầu dưới xương chày P/ 3 năm, tình trạng Tạm ổn": 92,
  "Bướu đại bào xương đầu dưới xương chày phải đã mổ, tình trạng Ổn": 93,
  "Bướu đại bào xương đầu dưới xương quay T, tình trạng Tạm ổn": 94,
  "Bướu đại bào xương đầu dưới xương quay phải đã mổ, tình trạng Tạm ổn": 95,
  "Bướu đại bào xương đầu dưới xương trụ phải, tình trạng Tạm ổn": 96,
  "Bướu đại bào xương đầu dưới xương đùi (P) đã mổ. Thoái hóa khớp gối P gần 3 năm, tình trạng Ổn": 97,
  "Bướu đại bào xương đầu dưới xương đùi (P)/ mổ 5 tháng+ thoái hóa khớp gối, tình trạng Tạm ổn": 98,
  "Bướu đại bào xương đầu dưới xương đùi Phải tái phát, tình trạng Tạm ổn": 99,
  "Bướu đại bào xương đầu dưới xương đùi Trái đã mổ kết hợp xương, tình trạng Ổn": 100,
  "Bướu đại bào xương đầu dưới xương đùi Trái đã mổ, tình trạng Tạm ổn": 101,
  "Bướu đại bào xương đầu trên xương chày (P) đã mổ/ thoái hóa khớp, tình trạng Bệnh tỉnh": 102,
  "Bướu đại bào xương đầu trên xương chày Phải đã mổ ennerking, tình trạng Ổn": 103,
  "Bướu đại bào xương đầu trên xương chày phải, tình trạng Ổn": 104,
  "Bướu đại bào xương đầu trên xương mác Trái đã mổ gần 2 năm, tình trạng Tạm ổn": 105,
  "Bướu đại bào xương/ xương chầy Trái đã mổ, tình trạng Ổn": 106,
  "Bướu đại bào đầu dưới xương quay (P) kem chồi đinh ra da, tình trạng Ổn": 107,
  "Bướu đại bào đầu dưới xương quay (P)/ đã mổ 4 tháng, tình trạng Tạm ổn": 108,
  "Bướu đại bào đầu dưới xương đùi (P) kèm gãy bệnh lý đã mổ, tình trạng Bệnh tỉnh": 109,
  "Bướu đại bào đầu dưới xương đùi (P) đã mổ 3 tháng, tình trạng Bệnh tỉnh": 110,
  "Bướu đại bào đầu dưới xương đùi (T) đã mổ 3 tháng, tình trạng Tạm ổn": 111,
  "Bướu đại bào đầu trên xương chày (T) tái phát đã mổ, tình trạng Tạm ổn": 112,
  "Bướu đại bào đầu trên xương chày (T) tái phát đã mổ/ thoái hóa khớp gối, tình trạng Tạm ổn": 113,
  "Bướu đại bào đầu trên xương chày Phải đã mổ, tình trạng Tạm ổn": 114,
  "Bướu đại bào đầu trên xương đùi T, tình trạng Tạm ổn": 115,
  "Bệnh bướu sụn xương nhiều nơi/ chấn thương gối Trái, tình trạng Tạm ổn": 116,
  "Bệnh hoại tử vô khuẩn chỏm xương đùi trái, tình trạng Ổn": 117,
  "Bệnh lành sụn đầu thân dưới xương đùi T đã mổ, tình trạng Tạm ổn": 118,
  "Bọc hoạt dịch bàn chân TRÁI, tình trạng Tạm ổn": 119,
  "Bọc hoạt dịch cổ tay Trái, tình trạng Ổn": 120,
  "Bọc hoạt dịch cổ tay Trái, đau vùng vổ gáy, tình trạng Tạm ổn": 121,
  "Bọc hoạt dịch cổ tay trái, tình trạng Ổn": 122,
  "Bọc hoạt dịch gối P, tình trạng Tạm ổn": 123,
  "Bọc hoạt dịch gối Phải, tình trạng Ổn": 124,
  "Bọc hoạt dịch khoeo chân Trái/ mổ 1 tháng+ thoái hóa khớp gối Trái, tình trạng Tạm ổn": 125,
  "Bọc hoạt dịch mặt lòng cổ tay T, tình trạng Tổng trạng khỏe": 126,
  "Bọc hoạt dịch mặt lưng khớp bàn-đốt ngón I tay P, tình trạng Tổng trạng khỏe": 127,
  "Bọc hoạt dịch mặt sau gối Phải đã mổ, tình trạng Ổn": 128,
  "Bọc hoạt dịch mặt trong gối P+ Thoái hóa khớp, tình trạng Ổn": 129,
  "Bọc hoạt dịch ngón 1 chân T, tình trạng Tạm ổn": 130,
  "Bọc hoạt dịch ngón 3 tay (PHẢI) bội nhiễm, tình trạng Bọc hoạt dịch ngón 3 tay (PHẢI) bội nhiễm": 131,
  "Bọc hoạt dịch vùng khoeo phải, lồi đĩa đệm tầng L4/5 tê bì 2 chân, tình trạng Ổn": 132,
  "Bọc phồng máu của xương đùi P, thoái hóa khớp gối mức độ nhẹ, tình trạng Tạm ổn định": 133,
  "Bọc xương cánh tay (P) tái phát đã mổ 8 tháng, tình trạng Ổn": 134,
  "Bọc xương cánh tay (P) đã mổ+ Chấn thương ngực T, tình trạng Tạm ổn": 135,
  "Bọc xương dưới sụn vùng chỏm xương đùi (P) đã mổ, tình trạng Bọc xương dưới sụn vùng chỏm xương đùi (P) đã mổ": 136,
  "Bọc xương kèm loạn sản sợi gây gãy xương cánh tay T, tình trạng Tạm ổn": 137,
  "Bọc xương phồng máu của xương chày P, viêm da do dị ứng bó thuốc, tình trạng Tạm ổn": 138,
  "Bọc xương phồng máu của xương sên Trái đã mổ (10 tuần), tình trạng Tạm ổn": 139,
  "Bọc xương phồng máu gãy bệnh lý 1/3 giữa xương đùi (P) đã mổ, tình trạng Ổn": 140,
  "Bọc xương phồng máu xương cánh tay (P) đã mổ/ Thoát vị đĩa đệm CSTL, tình trạng Tạm ổn": 141,
  "Bọc xương phồng máu xương quay T/ đã mổ, tình trạng Tạm ổn": 142,
  "Bọc xương phồng máu xương đùi P, tình trạng Ổn": 143,
  "Bọc xương phồng máu xương đùi T, thoái hóa khớp, tình trạng Tạm ổn định": 144,
  "Bọc xương phồng máu đầu dưới xương cánh tay (P) đã mổ nạo bướu-ghép xương hỗn hợp, tình trạng Bệnh tỉnh": 145,
  "Bọc xương phồng máu đầu trên xương đùi (P)/ mổ 2 năm+ thoái hóa cột sống cổ, tình trạng Tạm ổn": 146,
  "Bọc xương vùng cổ mấu chuyển xương đùi (PHẢI) đã mổ, tình trạng Bọc xương vùng cổ mấu chuyển xương đùi (PHẢI) đã mổ": 147,
  "Bọc xương vùng mấu chuyển xương đùi (T) đã mổ, tình trạng Tạm ổn": 148,
  "Bọc xương đơn cổ xương đùi Trái đã mổ, tình trạng Tạm ổn": 149,
  "Bọc xương đơn của xương chày T, Theo dõi nhiễm trùng vết mổ, tình trạng Tạm ổn": 150,
  "Bọc xương đơn gây gãy trên 2 lồi  cầu tay Phải đã mổ 3 năm, tình trạng Tạm ổn": 151,
  "Bọc xương đơn xương cánh tay (P) đã mổ ST > năm, tình trạng Tạm ổn": 152,
  "Bọc xương đơn xương gót chân Phải, tình trạng Bệnh tỉnh": 153,
  "Bọc xương đơn đầu thân trên xương cánh tay (T) tái phát/ đã mổ, tình trạng Tạm ổn": 154,
  "Bọc xương đơn đầu trên xương cánh tay Trái tái phát, tình trạng Tạm ổn": 155,
  "Chuyển sản sụn màng khớp gối TRÁI, thoái hóa khớp gối nhẹ, tình trạng Tạm ổn": 156,
  "Chuyển sản sụn màng khớp háng (T) đã mổ/ tái phát/ thoái hóa khớp, tình trạng Tạm ổn": 157,
  "Chuyển sản sụn màng khớp háng phải, tình trạng Tạm ổn": 158,
  "Chấn thương cổ chân Trái/Bướu lẹm vỏ xương xương 1/3 dưới xương chày Trái, tình trạng Tạm ổn": 159,
  "Chấn thương phần mềm + thoái hóa khớp cổ chân Phải, tình trạng Tạm ổn": 160,
  "Chấn thương phần mềm cẳng chân/Bướu lành sụn đầu trên xương chày (T) đã mổ 26 tháng, tình trạng Tạm ổn": 161,
  "Chấn thương phần mềm vùng vai Phải/ Theo dõi gãy ổ chảo xương cánh tay Phải, tình trạng Bệnh tỉnh": 162,
  "Chấn thương vùng mông Trái/Gãy cổ xương đùi Trái đã thay Bipolar, tình trạng Tổng trạng khỏe": 163,
  "Các viêm khớp khác /, tình trạng Ổn định": 164,
  "Các viêm khớp khác dạng thấp, tình trạng Tạm ổn": 165,
  "Các viêm khớp khác, tình trạng Tạm ổn": 166,
  "Các viêm khớp khác/ phù nề sau chấn thương, tình trạng Ổn định": 167,
  "Cốt hóa lạc chỗ khớp háng PHẢI/Yếu 1/2 người PHẢI di chứng của chấn thương sọ não, tình trạng Tổng trạng khỏe": 168,
  "Cốt tủy viêm (viêm xương tủy) xuong chay T, tình trạng Ổn": 169,
  "Cốt tủy viêm (viêm xương tủy)/ cánh tay phải, tình trạng Ổn": 170,
  "Cốt tủy viêm (viêm xương tủy)/ xương cùng- chậu T, tình trạng Ổn": 171,
  "Cốt tủy viêm (viêm xương tủy)/ xương trụ tay T, tình trạng Tạm ổn": 172,
  "Dãn dây chằng bên trong gối Phải + Thoái hóa khớp gối 2 bên, tình trạng Tạm ổn": 173,
  "Gãy kín xương bàn II, III. IV chân phải mổ 5 tuần, tình trạng Tạm ổn": 174,
  "Gout/ sưng đau khớp MP ngón 1 bàn chân (T), tình trạng Tạm ổn": 175,
  "GÃY KÍN 1/3 Giữa 2X CẲNG CHÂN Phải mổ 27/9/2022, tình trạng Tạm ổn": 176,
  "Gãy \"mệt\" kín 1/3 dưới xương quay phải đã mổ KHX, tình trạng Tạm ổn": 177,
  "Gãy 1/3 dưới 2 xương cẳng chân Trái/ Vết thương gót chân Trái mổ ngày 26/12/2022, tình trạng Tạm ổn": 178,
  "Gãy 1/3 dưới xương chày (P)/ Td Bướu lành mô bào sợi, tình trạng Tạm ổn": 179,
  "Gãy 1/3 giữa 2 xương cẳng chân phải mổ 16/12/2022, theo dõi nhiễm trùng, tình trạng Tạm ổn": 180,
  "Gãy 1/3 trên xương cánh tay Phải do Bọc xương đơn đã mổ > 6 tháng, tình trạng Tạm ổn": 181,
  "Gãy 1/3 trên xương đùi phải mổ KHX 1/12/2022, tình trạng Tạm ổn": 182,
  "Gãy 2 xương cẳng chân phải đã mổ, tình trạng Tạm ổn": 183,
  "Gãy 2 xương cẳng tay (P) đã mổ/ lành xương, tình trạng Ổn": 184,
  "Gãy Galeazzi tay phải+ xây sát da/ 10 ngày, tình trạng Tạm ổn": 185,
  "Gãy Galeazzi tay phải/ mổ 9 ngày, tình trạng Tạm ổn": 186,
  "Gãy bệnh lý 1/3 Giữa xương đùi Trái đã mổ/Bệnh đa u tủy, tình trạng Tổng trạng khỏe": 187,
  "Gãy bệnh lý 1/3 dưới thân xương đùi Trái / K phổi giai đoạn IV ( xương đùi Trái, cánh tay Phải), tình trạng Tạm ổn": 188,
  "Gãy bệnh lý 1/3 dưới xương quay T do bướu nội sụn, tình trạng Tạm ổn": 189,
  "Gãy bệnh lý 1/3 giữa xương cánh tay (P) do bọc xương đơn tái phát đã mổ ghép xương tháng 11/ 2019, tình trạng Tạm ổn": 190,
  "Gãy bệnh lý 1/3 giữa xương cánh tay phải do bướu tủy tương bào đã mổ/ tổn thương thần kinh quay, tình trạng Bệnh tỉnh": 191,
  "Gãy bệnh lý 1/3 giữa xương cánh tay phải nghĩ do loạn sản sợi của xương, tình trạng Ổn": 192,
  "Gãy bệnh lý 1/3 giữa xương quay Trái nghĩ Bọc xương đơn, tình trạng Tổng trạng ổn, vết mổ khô": 193,
  "Gãy bệnh lý 1/3 giữa xương đùi Trái do sarcom tạo xương/ đã mổ+ hóa trị 6 đợt/ thoái hóa khớp, tình trạng Tạm ổn": 194,
  "Gãy bệnh lý 1/3 trên xương cánh tay P nghĩ do Bọc xương đơn, tình trạng Tổng trạng ổn, vết mổ khô": 195,
  "Gãy bệnh lý 1/3 trên xương cánh tay P- TD Loạn sản sợi đã bó bột, tình trạng Ổn": 196,
  "Gãy bệnh lý 1/3 trên xương cánh tay PHẢI do bọc xương đơn, tình trạng Ổn": 197,
  "Gãy bệnh lý 1/3 trên xương cánh tay TRÁI nghĩ  do Bọc xương đơn, tình trạng Tổng trạng khỏe": 198,
  "Gãy bệnh lý 1/3 trên xương cánh tay trái đã nẹp- Theo dõi Loạn sản sợi; CĐPB: Bọc xương phồng máu, tình trạng Tạm ổn": 199,
  "Gãy bệnh lý 1/3 trên xương đùi P nghĩ do Bướu sụn sợi nhầy đã mổ, tình trạng Tạm ổn": 200,
  "Gãy bệnh lý 1/3 trên xương đùi phải do K thận di căn, tình trạng Tổng trạng ổn": 201,
  "Gãy bệnh lý 1/3G xương đùi Trái do sarcom tạo xương/ Hậu phẫu mổ bắt con ngày 4, tình trạng Ổn": 202,
  "Gãy bệnh lý dưới mấu chuyển xương đùi Phải do loạn sản sợi thoái hóa bọc đã mổ, tình trạng Bệnh tỉnh": 203,
  "Gãy bệnh lý dưới mấu chuyển xương đùi Phải theo dõi do K di căn xương/ CĐPB: Bướu nâu, tình trạng ": 204,
  "Gãy bệnh lý dưới nẹp 1/3 trên xương đùi (T) điều trị bảo tồn đã lành/ HC Mc Cune- Albrighr, tình trạng Tạm ổn": 205,
  "Gãy bệnh lý liên mấu chuyển xương đùi (P) mổ KHX/ Theo dõi do K di căn xương, tình trạng Bệnh tỉnh": 206,
  "Gãy bệnh lý liên mấu chuyển xương đùi phải do carcinom tuyến giáp di căn đã mổ KHX, tình trạng Tạm ổn": 207,
  "Gãy bệnh lý mấu chuyển bé xương đùi Phải do K phổi, tình trạng Ổn": 208,
  "Gãy bệnh lý vùng cổ- mấu chuyển xương đùi (P) do bướu đại bào đã mổ, tình trạng Bệnh ổn": 209,
  "Gãy bệnh lý vùng mấu chuyển xương đùi Trái do bọc xương phồng máu đã mổ ghép xương - KHX, tình trạng Tạm ổn": 210,
  "Gãy bệnh lý xương cánh tay P do loạn sản sợi, tình trạng Tạm ổn": 211,
  "Gãy bệnh lý xương cánh tay Phải do bọc xương đơn đã phẫu thuật dẫn lưu + chích corticoid, tình trạng Tạm ổn": 212,
  "Gãy bệnh lý xương cánh tay Phải theo dõi do bọc xương đơn, tình trạng Ổn": 213,
  "Gãy bệnh lý đầu thân trên xương cánh tay (TRÁI) đang bó bột, tình trạng Ổn": 214,
  "Gãy bệnh lý đầu thân trên xương cánh tay do bướu sợi không sinh xương/ đã mổ 7/ 2020, tình trạng Ổn": 215,
  "Gãy bệnh lý đầu trên xương cánh tay (P) do bướu đại bào xương đã mổ/ thoái hóa khớp, tình trạng Tạm ổn": 216,
  "Gãy bệnh lý đầu trên xương cánh tay Trái do bọc xương đơn tái phát, tình trạng Bệnh tỉnh": 217,
  "Gãy bệnh lý đầu trên xương đùi Phải Theo dõi K di căn xương, tình trạng Bệnh tạm ổn định, vết mổ khô": 218,
  "Gãy bệnh lý đầu trên xương đùi T do loạn sản sợi/ mổ 6 tuần, tình trạng Tạm ổn": 219,
  "Gãy bệnh lý đốt 2 ngón 2 tay Phải do bướu nội sụn đã mổ (D.16)/ thoái hóa khớp, tình trạng Tạm ổn": 220,
  "Gãy chân cổ mấu chuyển xương đùi Phải / thay khớp háng Trái 9 tháng- Loãng xương - hc ddtt- Thoái hó, tình trạng Tạm ổn": 221,
  "Gãy cũ cổ xương đùi Phải đã mổ thay khớp.Thoái hóa CSTL, cổ tay P. Loãng xương, tình trạng Tổng trạng khỏe": 222,
  "Gãy cũ cổ xương đùi trái, tình trạng Ổn": 223,
  "Gãy cũ xương bánh chè trái đã mổ lành xương, tình trạng Ổn": 224,
  "Gãy cổ xương đùi trái đã mổ, tình trạng Tạm ổn": 225,
  "Gãy cổ xương đùi trái, tình trạng Ổn": 226,
  "Gãy củ cổ xương đùi phải đã mổ+ chấn thương kèm thoái hóa vùng cột sống thắt lưng, tình trạng Tạm ổn": 227,
  "Gãy củ cổ xương đùi phải, tình trạng Ổn": 228,
  "Gãy hở độ II đầu trên xương chày trái mổ 05/01/2023, tình trạng Tạm ổn": 229,
  "Gãy hờ 1/3 giữa 2 xương cẳng chân Trái đã KHX 3 tháng, gãy nẹp đã mổ KHX lại 27/10/2022, tình trạng Bệnh ổn": 230,
  "Gãy hở 1/3 dưới hai xương cẳng chân trái mổ ngày 28/11/2022, tình trạng Tạm ổn": 231,
  "Gãy hở 2 mắt cá chân Trái đã kết hợp xương 10 tháng/Thoái hóa khớp cổ chân Trái, tình trạng Tạm ổn": 232,
  "Gãy hở 3 mắt cá chân trái mổ ngày 7/3/2023, vết thương cẳng chân trái hoại tử da, tình trạng Ổn": 233,
  "Gãy hở cẳng chân trái đã bất động ngoài 4 tháng, tình trạng Bệnh ổn": 234,
  "Gãy hở mất xương 1/3 trên 2 xương cẳng chân (P) đã tháo BĐN 3 tuần, mổ KHX, ghép xương ngày 15/12/22, tình trạng Tạm ổn": 235,
  "Gãy hở xương bàn I chân phải, gãy hở xương đốt gần ngón II,III, đốt xa ngón IV chân phải + Gãy kín xương đòn Trái đã mổ 2 tuần, tình trạng Tạm ổn": 236,
  "Gãy hở xương bàn I đã kết hợp xương + gãy 1 vỏ chỏm xương bàn II không di lệch+ đứt gân duỗi ngón I,II,III tay Phải đã mổ, tình trạng Tạm ổn": 237,
  "Gãy hở xương bánh chè phải đã mổ 10 ngày, tình trạng Tạm ổn": 238,
  "Gãy hở xương gót chân trái mổ 15/12/2022, tình trạng Tạm ổn": 239,
  "Gãy hở đầu trên 2 xương cẳng chân Trái đã mổ KHX 17/01/2023, tình trạng Tạm ổn": 240,
  "Gãy hở đốt gần ngón I chân phải/ vết thương lóc da mu bàn chân (P), hoại tử da lóc, tình trạng Tạm ổn": 241,
  "Gãy hở đốt gần ngón II, III + đứt gân duỗi ngón II, III, IV tay Trái đã mổ 4 tuần, tình trạng Tạm ổn": 242,
  "Gãy hở đốt gần, đốt giữa ngón IV chân phải ngày 3, tím vạt da, tình trạng Tạm ổn": 243,
  "Gãy hở độ I 1/3 giữa 2 xương cẳng tay Trái, tình trạng Tạm ổn": 244,
  "Gãy hở độ I mâm chày Phải SVI đã mổ 14/11/22, tình trạng Ổn": 245,
  "Gãy hở độ II 1/3 dưới 2 xương cẳng chân Phải, đã khâu vết thương tuyến trước, tình trạng Bệnh ổn": 246,
  "Gãy hở độ II 1/3 giữa xương chày Trái đã mổ, tình trạng Bệnh tỉnh": 247,
  "Gãy hở độ II 1/3 giữa xương chày chân trái đã mổ, vết mổ chảy dịch, tình trạng Tạm ổn": 248,
  "Gãy hở độ II 2 xương cẳng chân phải mổ ngày 11/02/2023, tình trạng Ổn": 249,
  "Gãy hở độ IIIA đầu dưới hai xương cẳng chân trái mổ 10/12/22 còn chảy dịch vết mổ, tình trạng Tạm ổn": 250,
  "Gãy hở độ IIIB 2 x cẳng chân Trái đã mổ BĐN, ghép da, KHX nẹp vít, ghép xương ngày 19/9/2022, lộ nẹp, tình trạng Tạm ổn": 251,
  "Gãy hở độ IIIC 1/3 Dưới 2 xương cẳng chân Phải đã mổ 2 tuần, tình trạng Ổn": 252,
  "Gãy kín 1/3 Dưới 2 xương cẳng chân T đã mổ/ theo dõi nhiễm trùng muộn, tình trạng Tạm ổn": 253,
  "Gãy kín 1/3 dưới xương mác chân Trái đang điều trị bảo tồn, tình trạng Bệnh tỉnh": 254,
  "Gãy kín 1/3 giữa 2 xương c/c T mổ 28/11/2022, tình trạng Tạm ổn": 255,
  "Gãy kín 1/3 giữa 2 xương cẳng chân Trái đã mổ 6 tháng, tình trạng Tạm ổn": 256,
  "Gãy kín 1/3 giữa 2 xương cẳng chân trái mổ 10/06/2022, tình trạng Tạm ổn": 257,
  "Gãy kín 1/3 giữa dưới xương chày trái đã mổ, tình trạng Ổn": 258,
  "Gãy kín 1/3 giữa xương chày + 1/3 trên xương mác chân Trái đã mổ KHX, tình trạng Tạm ổn": 259,
  "Gãy kín 1/3 giữa xương chày Phải đã mổ lành, tình trạng Ổn": 260,
  "Gãy kín 1/3 giữa xương chày và 1/3 trên xương mác chân trái/ mổ 15 ngày, tình trạng Ổn": 261,
  "Gãy kín 1/3 giữa xương đòn Phải đã mổ, tình trạng Bệnh tỉnh": 262,
  "Gãy kín 1/3 giữa xương đòn Trái không di lệch, tình trạng Bệnh tỉnh": 263,
  "Gãy kín 1/3 giữa xương đùi T đã mổ KHX/BĐBX xương đùi đã mổ > 3 năm+ Thoái hóa khớp, tình trạng Tạm ổn": 264,
  "Gãy kín 1/3 trên xương quay trái di lệch đã mổ, tình trạng Tạm ổn": 265,
  "Gãy kín 1/3 trên xương trụ và chỏm quay phải đã mổ+ Thoái hóa khớp (S 52), tình trạng Tạm ổn": 266,
  "Gãy kín 1/3G xương đòn Trái đã mổ, tình trạng Tạm ổn": 267,
  "Gãy kín 2 mắt cá chân Trái đã mổ+ vết thương xây xát da bàn chân Trái, tình trạng Tạm ổn": 268,
  "Gãy kín 2 mắt cá chân Trái đã mổ, tình trạng Bệnh tỉnh": 269,
  "Gãy kín Galeazzi tay Phải đã mổ, tình trạng Bệnh tỉnh": 270,
  "Gãy kín Galeazzi tay Trái đã mổ, tình trạng Bệnh tỉnh": 271,
  "Gãy kín Liên mấu chuyển xương đùi (T) di lệch/ 6tháng 10 ngày+ thoái hóa khớp bàn ngón tay, tình trạng Tạm ổn": 272,
  "Gãy kín bệnh lý liên mấu chuyển xương đùi Trái do loạn sản sợi. thoái hóa khớp gối P, thoái hóa cột sống cổ, tình trạng Tạm ổn định": 273,
  "Gãy kín bệnh lý vùng cổ xương đùi Trái do lymphom lan tỏa tế bào to dòng B. T/d di căn phổi, tình trạng Tạm ổn": 274,
  "Gãy kín bệnh lý đầu trên cánh tay T/5 ngày +Gãy bệnh lý đầu trên cánh tay T đã mổ, tình trạng Tạm ổn": 275,
  "Gãy kín chần trày Phải đã mổ, tình trạng Bệnh tỉnh": 276,
  "Gãy kín chỏm xương bàn ngón 3,4,5 + nền xương đốt 1 ngón 4,5 tay Phải, tình trạng Bệnh tỉnh": 277,
  "Gãy kín cổ xương đùi P mổ ngày 2/7/2022/ THA, tình trạng Tạm ổn": 278,
  "Gãy kín cổ xương đùi P sát chỏm, đã mổ thay khớp, tình trạng Tổng trạng khỏe": 279,
  "Gãy kín cổ xương đùi Phải mổ ngày 05/01/2023, tình trạng Tạm ổn": 280,
  "Gãy kín cổ xương đùi Trái sát chỏm + gãy kín đầu dưới 2 xương cẳng tay Trái, tình trạng Tổng trạng ổn, vết mổ khô": 281,
  "Gãy kín liên mấu chuyển xương đùi P đã mổ 1 năm lành, thoái hóa khớp gối phải, hội chứng ống cổ tay 2 bên/ĐTĐ, tình trạng Tạm ổn": 282,
  "Gãy kín lliên lồi cầu, Hoffa lồi cầu ngoài xương đùi chân trái đã mổ 3 tháng, tình trạng Ổn": 283,
  "Gãy kín mâm chày (P)+ suy Tĩnh mạch chân (P)+ thoái hóa khớp gối (P)/ di chứng sốt bại liệt chân (T)+ viêm mô tế bào cẳng chân phải, tình trạng Ổn": 284,
  "Gãy kín mâm chày chân PHẢI Schatzker V, bong nơi bám DÂY CHẰNG CHÉO TRƯỚC gối PHẢI mổ ngày 06/01/2023, gãy kín đầu trên xương cánh tay phải, tình trạng Tạm ổn": 285,
  "Gãy kín mâm chày chân trái đa KHX 22.12.2022, tình trạng Tạm ổn": 286,
  "Gãy kín mâm chày phải, tình trạng Tạm ổn": 287,
  "Gãy kín mâm chày trong gối Trái bong nơi bám dây chằng chéo trước đã mổ KHX 1 tháng, tình trạng Tạm ổn": 288,
  "Gãy kín mắt cá ngoài chân Trái + gãy xương bàn chân 1,2,3,4 chân Trái mổ 15/12/2022, tình trạng Tạm ổn": 289,
  "Gãy kín mắt cá ngoài cẳng chân Phải ít di lệch, tình trạng Bệnh tỉnh": 290,
  "Gãy kín mắt cá ngoài, mắt cá sau, đứt dây chằng bên trong cổ chân trái mổ 8 tuần, tình trạng Tạm ổn": 291,
  "Gãy kín mắt cá trong chân Phải không di lệch, tình trạng Bệnh tỉnh": 292,
  "Gãy kín mỏm khuỷu Trái/ mổ 2 tháng (S52.0), tình trạng Tạm ổn": 293,
  "Gãy kín mỏm khuỷu phải di lệch/ 14 ngày+ Xây sát da má Trái, tình trạng Tạm ổn": 294,
  "Gãy kín nát 1/3 D 2 xương cẳng chân T di lệch + vt gót T mổ 14/12/2022, tình trạng Tạm ổn": 295,
  "Gãy kín nền xương bàn IV tay phải+ chấn thương hạ sườn Phải/ 30 ngày, tình trạng Tạm ổn": 296,
  "Gãy kín xương bàn 3,4 tay Trái di lệch đã mổ, tình trạng Tạm ổn": 297,
  "Gãy kín xương bánh chè Phải di lệch đã mổ, tình trạng Bệnh tỉnh": 298,
  "Gãy kín xương bánh chè Phải đã KHX, vết thương gối phải đã khâu cách 4 tuần, tình trạng Tạm ổn": 299,
  "Gãy kín xương bánh chè T ngày 6/12/2022, tình trạng Tạm ổn": 300,
  "Gãy kín xương bánh chè Trái mổ 3/11/2022, tình trạng Tạm ổn": 301,
  "Gãy kín xương gót Phải mổ 9/11/2022, tình trạng Tạm ổn": 302,
  "Gãy kín xương gót Trái mổ 6 tháng, dãn tĩnh mạch chân trái, tình trạng Ổn": 303,
  "Gãy kín xương đòn phải, tình trạng Bệnh ổn": 304,
  "Gãy kín đầu dưới xương quay tay Phải, tình trạng Bệnh tỉnh": 305,
  "Gãy kín đầu dưới xương quay tay T, tình trạng Tạm ổn": 306,
  "Gãy kín đầu dưới xương quay tay Trái đã mổ + gãy kín xương gót Trái đã bó bột, tình trạng Tạm ổn": 307,
  "Gãy kín đầu dưới xương quay tay trái đã mổ, tình trạng Bệnh tỉnh": 308,
  "Gãy kín đầu dưới xương đùi P đã mổ 10 tháng lành xương, thoái hóa khớp gối P, tình trạng Ổn": 309,
  "Gãy liên mấu chuyển xương đùi trái, tình trạng Ổn": 310,
  "Gãy lún cột sống ngực 12 - thắt lưng 1 + Thoát vị đĩa đệm cột sống thắt lưng, tình trạng Tạm ổn": 311,
  "Gãy lún mâm chầy gối T, tình trạng Ổn": 312,
  "Gãy mâm chày Phải 2 tháng mổ ngày 24/11/2022, tình trạng Tạm ổn": 313,
  "Gãy mâm chày T đã KHX 7/10/2022, tình trạng Tạm ổn": 314,
  "Gãy mâm chày gối Trái mổ tháo dụng cụ cách 1,5 tháng, tình trạng Tạm ổn": 315,
  "Gãy mâm chày trái mổ 26/12/2022, tình trạng Tạm ổn": 316,
  "Gãy mâm chày trái mổ lành, tình trạng ": 317,
  "Gãy mâm chày trái mổ ngày 14/5/2022, tình trạng Ổn": 318,
  "Gãy nền xương bàn 1 bàn tay phải 1 tháng đã mổ, tình trạng Bệnh tỉnh": 319,
  "Gãy quanh chuôi sau mổ thay khớp háng Trái 05 năm, tình trạng ": 320,
  "Gãy trật đốt sống cùng cụt, tình trạng Tạm ổn": 321,
  "Gãy xương bánh chè T mổ cách 2 tuần, tình trạng Chưa xuất viện": 322,
  "Gãy xương bệnh lý 1/3 trên xương cánh tay P nghĩ do K di căn, tình trạng Tạm ổn": 323,
  "Gãy xương bệnh lý 1/3 trên xương đùi Trái, Hủy xương cột sống, di căn phổi/ U vú Trái, tình trạng Tạm ổn": 324,
  "Gãy xương bệnh lý mấu chuyển xương đùi trái, tình trạng Ổn": 325,
  "Gãy xương bệnh lý xương cánh tay Trái nghĩ di K di căn, tình trạng Ổn": 326,
  "Gãy xương cánh tay Trái đã mổ / viêm chu vai P, tình trạng Tạm ổn": 327,
  "Gãy xương cẳng chân trái đã kết hợp xương lành, tình trạng Tạm ổn": 328,
  "Gãy xương ghép sau mổ bướu đại bào xương đầu dưới xương quay Trái/ đang cho bé bú, tình trạng Ổn": 329,
  "Gãy xương gót Phải mổ KHX 16/12/2022, tình trạng Tạm ổn": 330,
  "Gãy xương gót chân Phải mổ ngày 17/12/2022, tình trạng Tạm ổn": 331,
  "Gãy xương mệt 1/3 trên xương đùi 2 bên, tình trạng Ổn": 332,
  "Gãy xương sên chân (T) đã mổ KHX, rút đinh Kirschner ở tuyến trước khoảng # 8,5 tháng, tình trạng Tạm ổn": 333,
  "Gãy xương đòn (T) đã điều trị bảo tồn 8 tuần/ nghi gãy bệnh lý, tình trạng Tạm ổn": 334,
  "Gãy đầu trên 2 xương cẳng chân Trái đã mổ 8 tháng/ Thoái hóa khớp gối Trái, tình trạng Tạm ổn": 335,
  "Gãy đốt 1 ngón III, IV tay TRÁI lành,   Td dị vật, tình trạng Tạm ổn định": 336,
  "Gẫy cũ lún mâm chày ngoài Trái mổ 18/10/2022, tình trạng Tạm ổn": 337,
  "Gẫy cổ xương đùi (T) đã mổ thay khớp.Thoái hóa cột sống vả khớp gối 2 bên, tình trạng Tạm ổn": 338,
  "Gẫy cổ xương đùi Phải bệnh lý, tình trạng Ổ định": 339,
  "Gẫy cực dưới bánh chè, thoái hóa gân bánh chè, gân tứ đầu, khớp gối trái do tophi đã mổ 1 tháng/Gout, tình trạng Tạm ổn": 340,
  "Gẫy dưới mấu chuyển xương đùi Phải do K di căn, tình trạng Tạm ổn": 341,
  "Gẫy hở liên lồi cầu đùi Phải đã mổ cắt lọc tuyến trước 1,5 tháng, KHX ngày 20/10/2022, cứng khớp gối phải, tình trạng Tạm ổn": 342,
  "Gẫy kín 1/3 G-D 2  xương cẳng chân phải  đã mổ 31/10/2023, tình trạng Tạm ổn": 343,
  "Gẫy kín 1/3 thân xương đùi (P) bệnh lý do loạn sản sợi đã mổ, tình trạng Tạm ổn": 344,
  "Gẫy kín 1/3 trên xương quay Trái (đã mổ 2.5 tháng), tình trạng Tạm ổn": 345,
  "Gẫy kín 3 mắt cá chân Phải, vết thương mài mòn mất da mặt trong cổ bàn chân P đã mổ 6 tháng, tình trạng Ổn": 346,
  "Gẫy xương bàn V chân (P), tình trạng Tạm ổn": 347,
  "Gẫy xương bệnh lý cổ xương đùi 2 bên, tình trạng Ổn": 348,
  "Gẫy xương bệnh lý đốt 1 ngón IV tay Trái nghĩ do bướu lành sụn đã mổ, tình trạng Tạm ổn": 349,
  "Hoại tử chỏm xương cánh tay Phải/ Đã thay khớp nhân tạo vai Trái + háng Phải, tình trạng Tạm ổn": 350,
  "Hoại tử chỏm xương đùi 2 bên trái> phải, tình trạng Ổn": 351,
  "Hoại tử chỏm xương đùi 2 bên, tình trạng ": 352,
  "Hoại tử chỏm xương đùi 2 bên, tình trạng Tổng trạng ổn, vết mổ khô": 353,
  "Hoại tử chỏm xương đùi P, tình trạng Tổng trạng ổn, vết mổ khô": 354,
  "Hoại tử chỏm xương đùi P/đã mổ thay khớp háng T, tình trạng Tạm ổn": 355,
  "Hoại tử chỏm xương đùi Phải đã mổ thay khớp, tình trạng Tổng trạng khỏe": 356,
  "Hoại tử chỏm xương đùi Trái, tình trạng Ổn": 357,
  "Hoại tử chỏm xương đùi phải + thoái hóa cột sống thắt lưng/ bướu máu bàn chân P, tình trạng Tạm ổn": 358,
  "Hoại tử chỏm xương đùi phải / đã thay khớp háng trái 3 năm, tình trạng ": 359,
  "Hoại tử chỏm xương đùi phải, tình trạng Tổng trạng ổn, vết mổ khô": 360,
  "Hoại tử chỏm xương đùi phải, tình trạng Ổn": 361,
  "Hoại tử chỏm xương đùi phải/ Thay khớp háng trái toàn phần, tình trạng Bệnh ổn": 362,
  "Hoại tử chỏm xương đùi trái / Mất vững cột sống thắt lưng 3-4 và 4-5, tình trạng Ổn": 363,
  "Hoại tử chỏm xương đùi trái đã mổ thay khớp14 ngày, tình trạng Tạm ổn": 364,
  "Hoại tử chỏm xương đùi trái đã mổ, tình trạng Ổn": 365,
  "Hoại tử chỏm xương đùi trái, tình trạng Ổn": 366,
  "Hoại tử chỏm xương đùi trái> phải+ thoái hóa khớp gối trái, tình trạng Ổn": 367,
  "Hoại tử chỏm xương đùi, thoái hóa khớp háng (P) đã mổ+ bệnh Dequervain tay trái, tình trạng Tạm ổn": 368,
  "Hoại tử da lóc mu chân và ngón I, II chân trái đã mỏm cụt ngón I, II, ghép da, gãy đốt gần ngón II 2 tháng, tình trạng Tạm ổn": 369,
  "Hoại tử vô trùng chỏm xương đùi (T), tình trạng Tạm ổn": 370,
  "Hoại tử vô trùng chỏm xương đùi 2 bên ( phải > trái), tình trạng Ổn": 371,
  "Hoại tử vô trùng chỏm xương đùi 2 bên trái>  phải, tình trạng Ổn": 372,
  "Hoại tử vô trùng chỏm xương đùi P, tình trạng Tổng trạng ổn, vết mổ khô": 373,
  "Hoại tử vô trùng chỏm xương đùi Phải, đã mổ thay khớp, tình trạng Tổng trạng khỏe": 374,
  "Hoại tử vô trùng chỏm xương đùi Trái, tình trạng Ổn": 375,
  "Hoại tử vô trùng chỏm xương đùi bên Phải/đã mổ thay khớp háng Trái, tình trạng Tổng trạng ổn, vết mổ khô": 376,
  "Hoại tử vô trùng chỏm xương đùi bên T, đã mổ thay khớp, tình trạng Tổng trạng khỏe": 377,
  "Hoại tử vô trùng chỏm xương đùi phải hậu phẫu ngày thứ 23 ngày/ thoái hóa cột sống thắt lưng, tình trạng Ổn": 378,
  "Hoại tử vô trùng chỏm xương đùi phải, tình trạng Ổn": 379,
  "Hoại tử vô trùng chỏm xương đùi trái, tình trạng Ổn": 380,
  "Hoại tử vô trùng chỏm xương đùi trái/ đã mổ thay khớp háng phải, tình trạng Ổn": 381,
  "Hoại tử vô trùng chỏm xương đùi(P), tình trạng Tạm ổn": 382,
  "Hậu phẫu thay khớp gối nhân tạo Trái, đau gối  + Thoái hóa khớp gối Phải + Suy van tĩnh mạch sâu  hai chân, tình trạng Tạm ổn": 383,
  "Hẹp ống sống thắt lưng có chèn ép rễ/ gãy cũ N11 đã mổ/ xẹp cũ TL2/ thoái hóa khớp gối/ loãng xương già, tình trạng Tạm ổn": 384,
  "Hẹp ống sống thắt lưng, tình trạng Bệnh tỉnh": 385,
  "Hội chứng ống cổ tay 2 bên, tình trạng Ổn": 386,
  "Hội chứng ống cổ tay 2 bên/ sarcom sợi của xương đùi Trái đã mổ, viêm đa dây TK,, tình trạng Tạm ổn định": 387,
  "Hội chứng ống cổ tay phải+ thoái hóa cột sống cổ, tổn thương C7, C8 mức độ nặng, tình trạng Tạm ổn": 388,
  "Hủy xương - xương bàn 2 chân (T), THCS thắt lưng, thoái hóa khớp gối, tình trạng Tạm ổn": 389,
  "Hủy xương chày trái/ bướu tủy tương bào hốc mũi trái, tình trạng Ổn": 390,
  "Hủy xương khớp cổ tay phải. Theo dõi lao khớp., tình trạng Tạm ổn": 391,
  "Hủy xương nhiều nơi (đốt sống D12, L1, L2; xương đùi 2 bên) Thoát vị C5-6, L1-2, gãy xương đùi 2 bên  đã mổ, tình trạng Bệnh tạm ổn định": 392,
  "Hủy xương đầu trên xương chày, chỏm xương mác Trái. Viêm xương mạn tính, tình trạng Tạm ổn": 393,
  "K di căn xương cánh chậu Phải, tình trạng Bệnh tỉnh": 394,
  "K di căn đầu trên xương mác T/ K phổi đã điều trị, tình trạng Ổn": 395,
  "K phổi/ Td di căn xương vùng khuỷu (P)/ chưa loại trừ lao      khớp khuỷu- lao màng phổi, tình trạng Tạm ổn": 396,
  "Khuyết hổng xương/ Bướu đại bào xương đầu dưới xương quay Trái/ đã mổ, tình trạng Khuyết hổng xương/ Bướu đại bào xương đầu dưới xương quay Trái đã mổ": 397,
  "Khớp giả 1/3 trên 2 xương cẳng chân Phải đã mổ ghép xương, tình trạng Tạm ổn": 398,
  "Khớp giả kèm gãy dụng cụ sau kết hợp xương chày phải, tình trạng Ổn": 399,
  "Khớp giả xương quay trái kèm gãy nẹp sau mổ bướu đại bào đầu dưới xương quay trái, tình trạng Tạm ổn": 400,
  "Khớp giả xương quay trái/ Gãy 2 xương cẳng tay trái đã kết hợp xương kèm tê, tình trạng Ổn": 401,
  "Khớp giả đầu ngoài xương đòn phải đã mổ, tình trạng Ổn": 402,
  "Kén nang khoeo chân T, tình trạng Tạm ổn": 403,
  "Lao khớp cổ chân Phải đã kháng lao 8 tháng/Thoái hóa khớp gối mức độ trung bình, tình trạng Tạm ổn": 404,
  "Lipid granulomatosis xương chày P, tình trạng Tạm ổn": 405,
  "Liệt thần kinh mác chung đã mổ, đứt dây chằng chéo trước gối phải, tình trạng Bệnh ổn": 406,
  "Loạn sản sợi / xương chầy T, tình trạng Tạm ổn": 407,
  "Loạn sản sợi của xương chày Trái gây gãy xương bệnh lý, tình trạng Tạm ổn định": 408,
  "Loạn sản sợi của xương trụ (P), tình trạng Tạm ổn": 409,
  "Loạn sản sợi thần kinh đã mổ, tình trạng Tạm ổn": 410,
  "Loạn sản sợi thể nhiều xương đã mổ nạo tổn thương+ GX cổ xương đùi (T)/ thoái hóa khớp gối, tình trạng Tạm ổn": 411,
  "Loạn sản sợi vùng cổ- mấu chuyển xương đùi (P) đã mổ, tình trạng Ổn": 412,
  "Loạn sản sợi xương chầy P/ đã mổ, tình trạng Tạm ổn": 413,
  "Loạn sản sợi đầu trên xương quay tay (T)/ 30 ngày, tình trạng Tạm ổn": 414,
  "Loạn sản thoái hóa khớp háng phải, tình trạng Ổn": 415,
  "Loạn sản thoái hóa khớp háng trái, tình trạng Ổn": 416,
  "Lym phôm hodgkin đầu trên xương chày (P) đã mổ đoạn chi+cảm giác chi ma do đau thần kinh, tình trạng Tạm ổn": 417,
  "Lành xương/Bướu nguyên bào sụn kèm bọc xương phồng máu đầu trên xương đùi (T) đã mổ 2 năm, tình trạng Tạm ổn": 418,
  "Lành xương/Gãy xương cẳng chân T đã mổ, tình trạng Tổng trạng khỏe": 419,
  "Lành xương/Gãy đầu dưới xương quay P, tình trạng Tổng trạng ổn, vết mổ khô": 420,
  "Lỏng bất động ngoài/Bướu đại bào xương đầu trên xương chày (P) đã mổ kéo dài cal xương, tình trạng Tổng trạng khỏe": 421,
  "Lỏng khớp gối (P) nhân tạo/Thoái hoá khớp gối 2 bên đã mổ thay khớp 3 tháng, tình trạng Ổn": 422,
  "Ngấm vôi xương cánh tay P, tình trạng Ổn": 423,
  "Nhiễm trùng khớp gối T do Pseudomonas sp/ Thoái hóa khớp gối (T)/ cushing do thuốc, tình trạng Tạm ổn": 424,
  "Nhồi máu xương đầu dưới xương đùi (P)/ mổ 4 tuần+ thoái hóa khớp gối, tình trạng Tạm ổn": 425,
  "Saccom tạo xương đầu dưới xương đùi (P), tình trạng Tạm ổn": 426,
  "Sar màng khớp gối (P) đã mổ/ thoái hóa khớp gối mức độ trung bình/ bệnh lý rễ cổ 2 bên- đau thần kinh tọa, tình trạng Tạm ổn": 427,
  "Sar tạo xương đầu thân trên xương cánh tay (P)/ 7 năm+ vết thương ngón 2 tay (T), tình trạng Tạm ổn": 428,
  "Sar. sụn xương cánh tay phải/ 3 tháng 17 ngày+ Gãy xương ghép( C40), tình trạng Tạm ổn": 429,
  "Sar. sụn xương sên (T) tái phát/4 tháng+ cảm giác chi ma, tình trạng Tạm ổn": 430,
  "Sar. tạo xương đầu thân dưới xương đùi (T) đã kéo dài cal/ thoái hóa khớp/ tê đùi (TRÁI)/ đau thần kinh tọa, tình trạng Tạm ổn": 431,
  "Sarcom can vo dau tren xuong mac Phải đã mổ ,thoái hóa khơp gối, tình trạng Tạm ổn": 432,
  "Sarcom màng khớp  vùng cổ chân T, hóa trị 6 đợt, tình trạng Tạm ổn": 433,
  "Sarcom màng khớp cẳng chân Trái, đã hóa trị 1 đợt, tình trạng Ổn": 434,
  "Sarcom màng khớp vùng khoeo trái đã đoạn chi, tình trạng Ổn": 435,
  "Sarcom nhầy ở phần mềm cẳng chân Trái đã mổ, tình trạng Tạm ổn": 436,
  "Sarcom sợi cổ tay Phải đã mổ hóa trị 6 đợt, viêm cân gan chân phải, tình trạng Ổn": 437,
  "Sarcom sợi nhầy bàn tay Phải, tình trạng Tạm ổn": 438,
  "Sarcom sợi độ ác cao ở đầu thân dưới xương đùi phải, tình trạng Ổn": 439,
  "Sarcom sợi độ ác thấp ở đầu trên xương chày T- nhồi máu xương ở đầu thân dưới xương chày T- Đau nhiều khám sớm- Bệnh đa dây thần kinh, tình trạng Tạm ổn": 440,
  "Sarcom sợi ở 1/3 giữa xương đùi (T) đã mổ+ Hội chứng chi ma+ Hội chứng ống cổ tay T, tình trạng Tạm ổn": 441,
  "Sarcom sụn biệt hóa rõ thứ phát đầu trên xương cánh tay Trái đã mổ, tình trạng Tạm ổn": 442,
  "Sarcom sụn loại Tế bào sáng của xương đùi P đã mổ 30     tháng/ đau nhiều khám sớm, tình trạng Tạm ổn": 443,
  "Sarcom sụn ở xương chậu mu phải, tình trạng Ổn": 444,
  "Sarcom sụn ở xương mác Phải đã mổ (C.40), tình trạng Tạm ổn": 445,
  "Sarcom tao xuong dau tren xuong chay P, tình trạng Tạm ổn": 446,
  "Sarcom tạo xương - xương chày Phải, tình trạng Ổn": 447,
  "Sarcom tạo xương của xương đùi Phải, tình trạng Tạm ổn": 448,
  "Sarcom tạo xương của xương đùi Trái, tình trạng Tỉnh táo, sinh hiệu ổn": 449,
  "Sarcom tạo xương gây gẫy xương bệnh lý liên mấu chuyển xương đùi Trái, đã mổ tháo khớp háng, tình trạng Ổn": 450,
  "Sarcom tạo xương loại giàu đại bào vùng đầu dưới xương đùi trái kèm gãy xương bệnh lý, tình trạng ": 451,
  "Sarcom tạo xương loại nguyên bào sợi của xương gót Phải, tình trạng ": 452,
  "Sarcom tạo xương xương đùi T, tình trạng Tạm ổn định": 453,
  "Sarcom tạo xương đầu dưới xương chày (T)/ đã mổ đoạn chi 4,5 năm, tình trạng Tạm ổn": 454,
  "Sarcom tạo xương đầu dưới xương đùi P đã phẫu thuật bảo tồn chi, tình trạng Tạm ổn": 455,
  "Sarcom tạo xương đầu dưới xương đùi Phải đã mổ bảo tồn chi, tình trạng Bệnh tỉnh": 456,
  "Sarcom tạo xương đầu dưới xương đùi Trái đã mổ/ thoái hóa khớp, tình trạng Tạm ổn": 457,
  "Sarcom tạo xương đầu dưới xương đùi Trái đã phẫu thuật Enneking/ hóa trị BV NĐ2, tình trạng Tạm ổn": 458,
  "Sarcom tạo xương đầu dưới xương đùi Trái, tình trạng Ổn": 459,
  "Sarcom tạo xương đầu dưới xương đùi phải, tình trạng ": 460,
  "Sarcom tạo xương đầu thân dưới xương đùi (P) đã hóa trị 6 đợt. Td di căn phổi, tình trạng Tổng trạng khỏe": 461,
  "Sarcom tạo xương đầu thân dưới xương đùi (P) đã mổ/ đang kéo dài cal/ đã ghép xương bổ túc/ nhiễm trùng chân đinh, tình trạng Sarcom tạo xương đầu thân dưới xương đùi (P) đã mổ/ đang kéo dài cal/ đã ghép xương bổ túc/ nhiễm trùng chân đinh": 462,
  "Sarcom tạo xương đầu thân dưới xương đùi T đã sinh thiết+ hóa trị 6 đợt, tình trạng Tạm ổn": 463,
  "Sarcom tạo xương đầu thân dưới xương đùi T, tình trạng Tạm ổn": 464,
  "Sarcom tạo xương đầu thân dưới xương đùi Trái đã mổ, tái phát đã mổ đoạn chi/ Td di căn phổi, tình trạng Tạm ổn": 465,
  "Sarcom tạo xương đầu thân trên xương chày P, tình trạng Tạm ổn": 466,
  "Sarcom tạo xương đầu thân trên xương chày Phải đã phẫu thuật bảo tồn chi, tình trạng Ổn": 467,
  "Sarcom tạo xương đầu thân trên xương mác trái đã mổ/ tái phát, tình trạng Ổn": 468,
  "Sarcom tạo xương độ ác thấp của xương đùi P, tình trạng Tạm ổn định": 469,
  "Sarcom xương đầu dưới xương đùi trái, tình trạng Ổn": 470,
  "Sarcom xương đầu trên xương chầy T, tình trạng Tạm ổn": 471,
  "Sarcoma Ewing xương bả vai phải đã hóa trị, tình trạng Ổn": 472,
  "Sarcoma Ewing xương bả vai phải đã mổ, tình trạng ": 473,
  "Sarcoma cơ vân đa dạng đùi phải, đã mổ sinh thiết ở tuyến trước, tình trạng Ổn": 474,
  "Sarcoma loại tế bào nhỏ màng xương chày (P) đã mổ bảo tồn chi/ thoái hóa khớp gối Trái mức độ nặng, tình trạng Bệnh tỉnh": 475,
  "Sarcoma màng khớp gối (P) tái phát đã mổ cắt rộng bướu/ thoái hóa khớp, tình trạng Tạm ổn": 476,
  "Sarcoma màng khớp thể đơn dạng vùng cổ tay Phải dọa vỡ, tình trạng Ổn": 477,
  "Sarcoma tạo  xương 1/3 dưới xương đùi (P), tình trạng Bệnh tạm ổn định": 478,
  "Sarcoma tạo xương 1/3 dưới dương đùi Trái đã mổ tháo khớp háng đã hóa trị 5 đợt, tình trạng Ổn": 479,
  "Sarcoma tạo xương ngón 1 bàn chân (P) đã mổ + hóa trị 6 đợt, tình trạng Tạm ổn": 480,
  "Sarcoma tạo xương nội tủy độ ác thấp đầu thân trên xương chày Trái đã mổ bảo tồn chi, hóa trị 3 đợt, tình trạng Ổn": 481,
  "Sarcoma tạo xương đầu dưới xương chày (P) đã mổ+ đã hóa trị 6 đợt, tình trạng Tạm ổn": 482,
  "Sarcoma tạo xương đầu dưới xương đùi (P), tình trạng Tạm ổn": 483,
  "Sarcoma tạo xương đầu dưới xương đùi P/ Td di căn phổi, tình trạng Tạm ổn": 484,
  "Sarcoma tạo xương đầu thân dưới xương đùi (P) đã phẫu thuật bảo tồn chi, tình trạng Ổn": 485,
  "Sarcoma tạo xương đầu thân dưới xương đùi (T) đã mổ bảo tồn chi/ nhiễm trùng muộn/ thoái hóa khớp, tình trạng Tạm ổn": 486,
  "Sarcoma tạo xương đầu thân dưới xương đùi (T) đã mổ+ hóa trị 6 đợt/ nhiễm trùng chân đinh, tình trạng Tạm ổn": 487,
  "Sarcoma tạo xương đầu thân dưới xương đùi Trái đã Enneking 14 tháng/ thoái hóa khớp, tình trạng Tạm ổn": 488,
  "Sarcoma tạo xương đầu thân trên xương chày (T) đã mổ/ hóa trị 6 đợt/ thoái hóa khớp, tình trạng Ổn": 489,
  "Sarcoma tạo xương đầu thân trên xương chày Phải, tình trạng Ổn": 490,
  "Sarcoma tạo xương đầu thân trên xương chày T đã phẫu thuật bảo tồn chi, tình trạng Ổn": 491,
  "Sarcoma tạo xương đầu thân trên xương đùi phải đã hóa trị CFI 1 đợt, tình trạng Ổn": 492,
  "Sarcoma tạo xương đầu trên xương chày (P) kéo dài cal/ đã mổ ghép xương vị trí nối/ thoái hóa khớp, tình trạng Tạm ổn": 493,
  "Sarcoma tạo xương đầu trên xương chày Trái đã mổ (gần 2 năm), tình trạng Tạm ổn": 494,
  "Sarcome tạo xương xương đùi Trái đã hóa trị 3 đợt, tình trạng ": 495,
  "Sarcome tạo xương đầu trên xương chày (P) đã điều trị bảo tồn chi/ ổn định, tình trạng Tạm ổn": 496,
  "Sarcôm màng khớp bàn chân (T) đã mổ+ Thoái hóa khớp gối (P)- tê chân (P), tình trạng Tạm ổn": 497,
  "Sarcôm màng xương đầu dưới xương đùi Phải đã mổ lành xương, tình trạng Tạm ổn": 498,
  "Sarcôm sợi của xương vùng ụ ngồi, ổ cối xương đùi Phải, tình trạng Tạm ổn": 499,
  "Sarcôm sụn  xương đùi P/ Bệnh bưới sụn xương nhiều nơi, tình trạng Tạm ổn": 500,
  "Sarcôm sụn đầu thân trên xương cánh tay P/ 5 tháng- tê tay (P), tình trạng Tạm ổn": 501,
  "Sarcôm tạo xương đầu dưới xương đùi (P)đã đoạn chi và hóa trị 6 đợt/ mổ 3 năm 6 tháng, tình trạng Tạm ổn": 502,
  "Sarcôm tạo xương đầu dưới xương đùi (T) di căn phổi, tình trạng Tạm ổn định": 503,
  "Sarcôm tạo xương đầu dưới xương đùi trái, tình trạng Ổn": 504,
  "Sarcôm tạo xương đầu thân trên xương chày T đã mổ bảo tồn chi/ thoái hóa khớp, tình trạng Tạm ổn": 505,
  "Sarcôm. sụn xương bánh chè Trái đã mổ 5 tháng/ Đau dạ dày+ thoái hóa khớp gối Trái, tình trạng Tạm ổn": 506,
  "Sarcôm.mỡ đùi trái đã mổ+ đau lưng phải/ Khám sớm, tình trạng Tạm ổn": 507,
  "T/D Bướu phần mềm 1/3 giữa cánh tay P/ Loạn sản sợi của xương cánh tay P tái phát đã mổ, tình trạng Ổn": 508,
  "T/D Bọc xương đơn xương sên Phải, đau nhiều khám sớm, tình trạng Tạm ổn": 509,
  "TD Bướu đại bào đầu trên xương chày trái tái phát, tình trạng Ổn": 510,
  "TD K di căn xương chậu phải+ gãy mấu chuyển nhỏ xương đùi phải, tình trạng Ổn": 511,
  "TD K di căn xương đùi TRÁI, tình trạng Ổn": 512,
  "TD Loạn sản sợi ơ 1/3 giữa xương cánh tay P/ Gãy xương đòn Phải đã mổ, tình trạng Tạm ổn": 513,
  "TD Viêm xương tủy đầu thân dưới xương đùi T, tình trạng Tạm ổn": 514,
  "TD Viêm xương tủy ở xương chày trái / Giảm tiểu cầu chưa rõ nguyên nhân, tình trạng Ổn": 515,
  "TD bướu sụn xương đầu dưới xương cánh tay Phải, tình trạng Bệnh tạm ổn định, vết mổ khô": 516,
  "TD. bướu phần mềm cánh tay Phải, tình trạng Tạm ổn": 517,
  "TD. bướu đại bào đốt gần ngón 2 tay phải, tình trạng Ổn": 518,
  "THCS cổ/ Thoái hóa khớp háng 2 bên đã PTH, tình trạng Tạm ổn": 519,
  "THCSTL/ hẹp OSTL chèn ép rễ, tình trạng THCSTL/ hẹp OSTL chèn ép rễ": 520,
  "Td K di căn xương chậu T, tình trạng Ổn": 521,
  "Td Viêm mô mềm vùng chỏm xương mác P, tình trạng Tổng trạng khỏe": 522,
  "Td bướu sợi không sinh xương đầu dưới xương đùi T, tình trạng Tạm ổn": 523,
  "Td bướu sụn của xương cánh tay Trái, tình trạng Tạm ổn định": 524,
  "Td bướu đại bào đầu trên xương mác (TRÁI), tình trạng Ổn": 525,
  "Td k di căn xương chày PHẢI và xương đùi PHẢI gây gãy xương chày PHẢI /, tình trạng Ổn": 526,
  "Td viêm mô mềm vùng bàn chân TRÁI do kim đâm, tình trạng Tạm ổn": 527,
  "Td viêm xương quay Trái mãn tính, tình trạng Tạm ổn định": 528,
  "Td viêm xương tủy xương quay trái, tình trạng Td viêm xương tủy xương quay trái": 529,
  "Td viêm xương tủy đầu thân dưới xương đùi (T)/ CĐPB: bướu (OS hoặc Enchondroma), tình trạng Tạm ổn": 530,
  "Td đau thần kinh tọa 2 bên/ đau háng cơ năng 2 bên, tình trạng Td đau thần kinh tọa 2 bên/ đau háng cơ năng 2 bên": 531,
  "Td. viêm xương bán cấp gãy bệnh lý xươing cánh tay (T)/ 3 tháng/ TD. u tuyến cận giáp, tình trạng Tạm ổn": 532,
  "Theo dõi Bướu  lành sụn đầu trên xương cánh tay phải, tình trạng Ổn": 533,
  "Theo dõi Bướu ác mô mềm vùng gót chân Trái tái phát, tình trạng Ổn": 534,
  "Theo dõi Bướu đại bào xương gãy bệnh lý đầu trên xương đùi phải, tình trạng Ổn": 535,
  "Theo dõi Bọc xương gây gãy xương cánh tay Phải, tình trạng Tạm ổn": 536,
  "Theo dõi Gãy bệnh lý liên mấu chuyển xương đùi Phải, tình trạng ": 537,
  "Theo dõi K di căn 1/3 trên xương cánh tay trái, tình trạng Ổn": 538,
  "Theo dõi K di căn xương chậu Trái, tình trạng Tỉnh táo, sinh hiệu ổn, vết mổ khô": 539,
  "Theo dõi K di căn xương chậu trái, tình trạng Ổn": 540,
  "Theo dõi K di căn đầu trên xương đùi Phải, tình trạng Tạm ổn": 541,
  "Theo dõi Ung thư di căn xương cánh chậu trái, tình trạng Ổn": 542,
  "Theo dõi Viêm lao khớp gối phải, hủy xương/ NSTT 02 dây chằng chéo tháng 04/2022, tình trạng Tạm ổn": 543,
  "Theo dõi Viêm xương cánh tay trái sau kết hợp xương, tình trạng Tạm ổn": 544,
  "Theo dõi bướu lành sụn 1/3 dưới xương đùi trái, tình trạng Ổn": 545,
  "Theo dõi bướu nội sụn đốt gần ngón 3 chân Phải, tình trạng Bệnh tỉnh": 546,
  "Theo dõi bướu sợi không sinh xương xương chày Phải, tình trạng Tạm ổn": 547,
  "Theo dõi bướu ác mô bào sợi đầu dưới xương đùi Trái, tình trạng Ổn": 548,
  "Theo dõi bướu đại bào xương đầu dưới xương đùi Phải/gãy bệnh lý xương đùi Phải đã mổ KHX, tình trạng Tạm ổn": 549,
  "Theo dõi bướu đại bào xương đầu trên xương chày Phải, tình trạng Ổn định": 550,
  "Theo dõi bướu đại bào xương đầu trên xương cánh tay trái, tình trạng Ổn": 551,
  "Theo dõi bướu đại bào xương/ Gãy bệnh lý đầu dưới xương đùi Phải đã mô kết hợp xương, tình trạng Tạm ổn": 552,
  "Theo dõi bướu đại bào đầu trên xương chày Phải, tình trạng Tạm ổn": 553,
  "Theo dõi bệnh đa u tủy, tình trạng Tạm ổn": 554,
  "Theo dõi bọc xương - xương mác Phải, tình trạng Tạm ổn": 555,
  "Theo dõi bọc xương đơn 1/3 dưới xương đùi phải/ dọa gãy, tình trạng Ổn": 556,
  "Theo dõi chuyển sản sụn màng khớp gối Trái, tình trạng Tạm ổn": 557,
  "Theo dõi lao khớp cổ tay Phải/ CĐPB: thoái hóa khớp cổ tay do viêm đa khớp dạng thấp, tình trạng Bệnh tỉnh": 558,
  "Theo dõi loạn sản sợi xương, còn dụng cụ kết hợp xương chày Trái, tình trạng Tạm ổn": 559,
  "Theo dõi phì đại lành tính đầu trong xương đòn Phải/Thoái hóa khớp ức đòn Phải/ U tuyến giáp đã cắt, tình trạng Tạm ổn": 560,
  "Theo dõi sarcoma tạo xương đầu dưới xương đùi trái, tình trạng Ổn": 561,
  "Theo dõi sarcôm mỡ đùi trái, tình trạng Ổn": 562,
  "Theo dõi u sụn xương đầu trên xương trụ trái, tình trạng Tạm ổn": 563,
  "Theo dõi viêm dây chằng chéo trước gối phải, tình trạng Tạm ổn": 564,
  "Theo dõi viêm khớp háng PHẢI, tình trạng Ổn": 565,
  "Theo dõi viêm lao bao gân gấp cổ tay Phải, tình trạng Tạm ổn": 566,
  "Theo dõi viêm mô tế bào cổ bàn chân, thoái hóa khớp dưới sên, dị vật mảnh kim loại cổ bàn chân Trái + Bệnh Gút, tình trạng Tạm ổn": 567,
  "Theo dõi viêm xương chày T, tình trạng Tạm ổn": 568,
  "Theo dõi viêm xương đốt xa ngón V tay Trái, tình trạng Tạm ổn": 569,
  "Theo dõi viêm đa khớp dạng thấp, tình trạng Tạm ổn": 570,
  "Theo dõi. Bướu đại bào xương đầu trên xương cánh tay phải, tình trạng Ổn": 571,
  "Theo dõi. Bọc xương gãy bệnh lý đầu trên xương cánh tay phải/ 10 ngày, tình trạng Tạm ổn": 572,
  "Theo dỏi Sarcom tạo xương đầu thân dưới xương đùi trái, tình trạng Ổn": 573,
  "Theo sarcom phần mềm vùng gối Phải, tình trạng Ổn": 574,
  "Thoái hoá khớp gối 2 bên đã thay khớp gối, tình trạng Tổng trạng khỏe": 575,
  "Thoái hóa 2 khớp gối + khớp bàn ngón tay Phải, tình trạng Tạm ổn": 576,
  "Thoái hóa cột sống TL/ Loãng xương, tình trạng Tổng trạng khỏe": 577,
  "Thoái hóa cột sống thắt lưng, tình trạng Tạm ổn": 578,
  "Thoái hóa cột sống thắt lưng, tình trạng Tạm ổn định": 579,
  "Thoái hóa cột sống thắt lưng-ngực, tình trạng Ổn định": 580,
  "Thoái hóa hai khớp gối, tình trạng Tạm ổn": 581,
  "Thoái hóa háng (T), thoái hóa khớp gối 2 bên, thoái hóa cột sống, tình trạng Tạm ổn": 582,
  "Thoái hóa khớp 2 gối, tình trạng Tổng trạng ổn, vết mổ khô": 583,
  "Thoái hóa khớp cổ chân P đã hàn khớp cổ chân 2 tháng, tình trạng Tạm ổn": 584,
  "Thoái hóa khớp cổ chân Phải/ Viêm xương sên (P), tình trạng Bệnh tỉnh": 585,
  "Thoái hóa khớp gối (P)/ Bướu đại bào xương đầu dưới xương đùi Phải tái phát, đã mổ, tình trạng Tạm ổn": 586,
  "Thoái hóa khớp gối , viêm khớp gối, tình trạng Tạm ổn định": 587,
  "Thoái hóa khớp gối 2 bên ( phải> trái), tình trạng ": 588,
  "Thoái hóa khớp gối 2 bên (T)> (P) nặng/ đã TKR (T) 2 tháng/ Td viêm khớp gối (TRÁI), tình trạng Tạm ổn": 589,
  "Thoái hóa khớp gối 2 bên Phải > Trái đã thay khớp gối P/ Bệnh thống phong, tình trạng Tổng trạng khỏe": 590,
  "Thoái hóa khớp gối 2 bên Phải > Trái, tình trạng ": 591,
  "Thoái hóa khớp gối 2 bên Phải > Trái, tình trạng Tổng trạng ổn, vết mổ khô": 592,
  "Thoái hóa khớp gối 2 bên Phải > Trái, đã mổ thay khớp gối Phải, tình trạng Tổng trạng khỏe": 593,
  "Thoái hóa khớp gối 2 bên Phải >Trái, tình trạng Tổng trạng ổn, vết mổ khô": 594,
  "Thoái hóa khớp gối 2 bên T>P đã mổ thay khớp gối T, tình trạng Tạm ổn": 595,
  "Thoái hóa khớp gối 2 bên Trái  > Phải, tình trạng Tổng trạng ổn, vết mổ khô": 596,
  "Thoái hóa khớp gối 2 bên Trái > Phải, tình trạng ": 597,
  "Thoái hóa khớp gối 2 bên Trái > Phải, tình trạng Tổng trạng ổn, vết mổ khô": 598,
  "Thoái hóa khớp gối 2 bên Trái > Phải, tình trạng Ổn": 599,
  "Thoái hóa khớp gối 2 bên Trái > Phải, đã mổ thay khớp gối T, tình trạng Tạm ổn": 600,
  "Thoái hóa khớp gối 2 bên mức độ nhẹ/ Bệnh Gout, tình trạng Bệnh tỉnh": 601,
  "Thoái hóa khớp gối 2 bên mức độ nặng + Bệnh De Quervain 2 tay, tình trạng Tạm ổn": 602,
  "Thoái hóa khớp gối 2 bên mức độ nặng phải> trái, tình trạng Ổn": 603,
  "Thoái hóa khớp gối 2 bên mức độ trung bình/ Bệnh bướu sụn xương nhiều nơi, tình trạng Tạm ổn": 604,
  "Thoái hóa khớp gối 2 bên nặng (P)> (T), đã thay khớp gối (P), tình trạng Tạm ổn": 605,
  "Thoái hóa khớp gối 2 bên nặng Phải> trái, tình trạng Tạm ổn": 606,
  "Thoái hóa khớp gối 2 bên nặng phải> trái, tình trạng Tạm ổn": 607,
  "Thoái hóa khớp gối 2 bên nặng phải> trái, tình trạng Ổn": 608,
  "Thoái hóa khớp gối 2 bên nặng trái> phải, tình trạng Ổn": 609,
  "Thoái hóa khớp gối 2 bên nặng/ Gãy cột sống thắt lưng 2 ổn định/ Loãng xương, tình trạng Ổn": 610,
  "Thoái hóa khớp gối 2 bên phải> trái/ đã TKR (PHẢI), tình trạng Thoái hóa khớp gối (PHẢI)> (TRÁI) đã TKR (PHẢI)": 611,
  "Thoái hóa khớp gối 2 bên trái> phải, tình trạng Ổn": 612,
  "Thoái hóa khớp gối 2 bên đã mổ thay khớp gối T, tình trạng Tạm ổn": 613,
  "Thoái hóa khớp gối 2 bên đã mổ thay khớp gối, tình trạng Tạm ổn": 614,
  "Thoái hóa khớp gối 2 bên đã mổ thay khớp gối, tình trạng Tổng trạng khỏe": 615,
  "Thoái hóa khớp gối 2 bên đã mổ thay khớp, Thoái hóa CSTL, tình trạng Tạm ổn": 616,
  "Thoái hóa khớp gối 2 bên+ loạn sản sợi xương chày (P), tình trạng Tạm ổn": 617,
  "Thoái hóa khớp gối 2 bên, Td viêm túi nhớt vùng ụ ngồi Phải, tình trạng Tạm ổn định": 618,
  "Thoái hóa khớp gối 2 bên, trái nặng hơn phải, tăng huyết áp, tình trạng Ổn": 619,
  "Thoái hóa khớp gối 2 bên, tình trạng Thoái hóa khớp gối 2 bên": 620,
  "Thoái hóa khớp gối 2 bên, tình trạng Tạm ổn": 621,
  "Thoái hóa khớp gối 2 bên, tình trạng Tổng trạng khỏe": 622,
  "Thoái hóa khớp gối 2 bên/đã mổ thay khớp háng 2 bên, tình trạng Tổng trạng khỏe": 623,
  "Thoái hóa khớp gối P + Bọc hoạt dịch gối Phải, tình trạng Bệnh tỉnh": 624,
  "Thoái hóa khớp gối P+ Đứt bán phần dây chằng chéo trước gối P đã mổ+ Thoái hóa khớp gối T, tình trạng Ổn": 625,
  "Thoái hóa khớp gối P, tình trạng Tạm ổn": 626,
  "Thoái hóa khớp gối P. Bọc hoạt dịch mặt trong gối P, tình trạng Tạm ổn": 627,
  "Thoái hóa khớp gối P/ bướu mỡ khoeo chân, tình trạng Tạm ổn": 628,
  "Thoái hóa khớp gối Phải  > Trái, tình trạng Ổn": 629,
  "Thoái hóa khớp gối Phải > Trái, tình trạng Ổn": 630,
  "Thoái hóa khớp gối Phải >Trái, tình trạng Tổng trạng ổn, vết mổ khô": 631,
  "Thoái hóa khớp gối Phải mức độ nặng, tình trạng Bệnh tỉnh": 632,
  "Thoái hóa khớp gối Phải mức độ trung bình/ Nhồi máu xương đầu dưới xương đùi Phải, tình trạng Bệnh tỉnh": 633,
  "Thoái hóa khớp gối Phải đã mổ thay khớp gối, tình trạng Tổng trạng khỏe": 634,
  "Thoái hóa khớp gối Phải, chuyển sản sụn màng khớp, tình trạng Tổng trạng ổn, vết mổ khô": 635,
  "Thoái hóa khớp gối Phải, tình trạng Tạm ổn": 636,
  "Thoái hóa khớp gối Phải/ Bệnh gout, tình trạng Ổn": 637,
  "Thoái hóa khớp gối T đã mổ thay khớp, tình trạng Tổng trạng khỏe": 638,
  "Thoái hóa khớp gối T, CSTL, tình trạng Tạm ổn": 639,
  "Thoái hóa khớp gối T, tình trạng Tạm ổn": 640,
  "Thoái hóa khớp gối T, tình trạng Tổng trạng khỏe": 641,
  "Thoái hóa khớp gối T>P, tình trạng Tạm ổn": 642,
  "Thoái hóa khớp gối T>P, tình trạng Tổng trạng khỏe": 643,
  "Thoái hóa khớp gối TRÁI đã mổ thay khớp. Thoái hóa CSTL. Dị cảm chân T, tình trạng Tổng trạng khỏe": 644,
  "Thoái hóa khớp gối Trái + Viêm gân bánh chè Trái, tình trạng Tạm ổn": 645,
  "Thoái hóa khớp gối Trái - Bọc Baker chân Trái - Vẹo, thoái hóa cột sống thắt lưng, tình trạng Bệnh tỉnh": 646,
  "Thoái hóa khớp gối Trái /Bướu đại bào xương đầu dưới xương đùi (T) đã mổ, tình trạng Tạm ổn": 647,
  "Thoái hóa khớp gối Trái > Phải đã mổ thay khớp, tình trạng Tổng trạng khỏe": 648,
  "Thoái hóa khớp gối Trái T đã mổ thay khớp, tình trạng Tạm ổn": 649,
  "Thoái hóa khớp gối Trái mức độ nhẹ - Theo dõi đứt dây chằng chéo trước gối Trái, tình trạng Bệnh tỉnh": 650,
  "Thoái hóa khớp gối Trái mức độ nặng đã mổ TKR - Tổn thương thần kinh mác chung, tình trạng Tạm ổn": 651,
  "Thoái hóa khớp gối Trái mức độ nặng, tình trạng Bệnh tỉnh": 652,
  "Thoái hóa khớp gối Trái mức độ trung bình, tình trạng Tạm ổn": 653,
  "Thoái hóa khớp gối Trái đã mổ thay khớp háng T/Di chứng sốt bại liệt chân Phải, tình trạng Tổng trạng ổn, vết mổ khô": 654,
  "Thoái hóa khớp gối Trái đã mổ thay khớp, tình trạng Tạm ổn": 655,
  "Thoái hóa khớp gối Trái, tình trạng Tạm ổn": 656,
  "Thoái hóa khớp gối Trái, tình trạng Tổng trạng ổn, vết mổ khô": 657,
  "Thoái hóa khớp gối Trái, tình trạng Ổn": 658,
  "Thoái hóa khớp gối Trái, viêm khớp khuỷu 2 bên, bướu mỡ cánh tay PHẢI, tình trạng Tạm ổn định": 659,
  "Thoái hóa khớp gối Trái/ Chuyển sản sụn màng khớp gối Trái đã mổ, tình trạng Tạm ổn": 660,
  "Thoái hóa khớp gối Trái/đã mổ thay khớp gối Phải, tình trạng Ổn": 661,
  "Thoái hóa khớp gối bên Trái > Phải, tình trạng Tổng trạng ổn, vết mổ khô": 662,
  "Thoái hóa khớp gối bên phải nặng/ đã mổ TKR (T)/ PTH 2 bên/ thoái hóa cột sống thắt lưng, tình trạng Tạm ổn": 663,
  "Thoái hóa khớp gối do viêm mạn, tình trạng Ổn": 664,
  "Thoái hóa khớp gối hai bên phải nhiều hơn trái, tình trạng Tổng trạng ổn, vết mổ khô": 665,
  "Thoái hóa khớp gối kèm viêm hoạt mạc khớp gối trái/ thoái hóa khớp gối mức độ trung bình, tình trạng Thoái hóa khớp gối kèm viêm hoạt mạc khớp gối trái/ thoái hóa khớp gối mức độ trung bình": 666,
  "Thoái hóa khớp gối phải nặng+ chuyển sản sụn màng khớp, tình trạng Ổn": 667,
  "Thoái hóa khớp gối phải nặng, tình trạng Ổn": 668,
  "Thoái hóa khớp gối phải nặng/ thấp khớp, tình trạng Ổn": 669,
  "Thoái hóa khớp gối phải đã mổ TKR/ THCSTL, tình trạng Tạm ổn": 670,
  "Thoái hóa khớp gối phải/ U sụn xương đầu dưới xương đùi phải, tình trạng Bệnh tạm ổn định, vết mổ khô": 671,
  "Thoái hóa khớp gối trái mức độ nặng, tình trạng Tạm ổn": 672,
  "Thoái hóa khớp gối trái nặng, tình trạng Ổn": 673,
  "Thoái hóa khớp gối trái nặng/ đã thay khớp háng phải, tình trạng Ổn": 674,
  "Thoái hóa khớp gối trái, tình trạng Tạm ổn": 675,
  "Thoái hóa khớp gối trái, tình trạng Tổng trạng ổn, vết mổ khô": 676,
  "Thoái hóa khớp gối trái/ Thay khớp gối phải toàn phần, tình trạng ": 677,
  "Thoái hóa khớp gối, bệnh bướu sụn xương nhiều nơi, tình trạng Tạm ổn": 678,
  "Thoái hóa khớp gối, rách sụn chêm trong, viêm gân bánh chè Phải, tình trạng Tạm ổn": 679,
  "Thoái hóa khớp gối, thoái hóa cột sống cổ,, tình trạng Tạm ổn định": 680,
  "Thoái hóa khớp gối/ Td nhồi máu xương - xương chày, tình trạng Tạm ổn": 681,
  "Thoái hóa khớp háng (P) nặng đã mổ/ thoái hóa khớp gối, tình trạng Tạm ổn": 682,
  "Thoái hóa khớp háng (P)/ U lymphom nhiều nơi (xương đùi, cột sống thắt lưng), kèm gãy bệnh lý xương, tình trạng Tạm ổn": 683,
  "Thoái hóa khớp háng P, thoái hóa khớp gối, thoái hóa cột sống cổ, tình trạng Tạm ổn": 684,
  "Thoái hóa khớp háng Phải, tình trạng Tổng trạng ổn, vết mổ khô": 685,
  "Thoái hóa khớp háng Trái, tình trạng Ổn": 686,
  "Thoái hóa nặng khớp gối 2 bên ( trái > phải), tình trạng Ổn": 687,
  "Thoái hóa nặng khớp gối 2 bên/ Gãy cổ xương đùi trái đã mổ, tình trạng Tạm ổn": 688,
  "Thoái hóa đa khớp, tình trạng Tạm ổn định": 689,
  "Thoái hóa đa khớp, tình trạng Ổn": 690,
  "Thoái hóa đa khớp/ Bệnh Gout, tình trạng Tổng trạng khỏe": 691,
  "Thoát vị đĩa đệm C3-4, C6-7 chèn ép rễ C7, thoái hóa khớp, tình trạng Tạm ổn": 692,
  "Théo dõi Bướu đại bào xương đầu trên xương đùi phải, tình trạng Tạm ổn": 693,
  "Trượt thoái hóa L4-L5, chèn ép rễ L4,5 bên trái >phải, thoái hóa khớp gối trái > phải, tình trạng Không thay đổi": 694,
  "Trật khớp háng nhân tạo phải đã nắn, tình trạng Trật khớp háng nhân tạo phải đã nắn": 695,
  "Trồi xi măng mặt trước gối P/Bướu đại bào xương đầu trên xương chày Phải đã mổ, tình trạng Tổng trạng khỏe": 696,
  "Tổn thương Rễ L5, S1 bên Phải mức độ nặng+ thoái hóa khớp gối Trái + Thoái hóa khớp gối 2 bên, tình trạng Bệnh tỉnh": 697,
  "Tổn thương rễ L5,S1 hai bên mức độ nặng, liệt cứng một phần hai chân, thoái hóa gối, tình trạng Ổn": 698,
  "Tụ dịch mặt trước xương bánh chè trái sau chấn thương/ thoái hóa khớp gối trái, tình trạng Tạm ổn": 699,
  "U cuộn mạch ngón III tay trái, tình trạng Tổng trạng ổn, vết mổ khô": 700,
  "U hoạt dịch khoeo trái/ thoái hóa cs thắt lưng/ viêm tấy da khoeo trái, tình trạng Tạm ổn": 701,
  "U sụn xương đầu trên xương chày Phải, tình trạng Tạm ổn": 702,
  "Viêm bao gân duỗi mặt lưng cổ tay T mạn tính, tình trạng Tổng trạng khỏe": 703,
  "Viêm chóp xoay PHẢI, và viêm mô mềm cổ tay P, tình trạng Tổng trạng khỏe": 704,
  "Viêm chóp xoay vai P/ K giáp+ thoái hóa khớp, tình trạng Ổn": 705,
  "Viêm chổ bám gân bánh chè trái, tình trạng Ổn": 706,
  "Viêm chổ bám gân gót T/ Theo dõi bệnh nến xương xương chày T/ Thoái hóa khớp, tình trạng Tạm ổn": 707,
  "Viêm co rút bao khớp vai Phải/Chuyển sản sụn sụn màng hoạt dịch vai Phải đã mổ 8 tuần, tình trạng Tạm ổn định": 708,
  "Viêm cân gan chân Phải, tình trạng Tạm ổn": 709,
  "Viêm cơ , mô mềm gối P, tình trạng Tạm ổn": 710,
  "Viêm cơ cốt hóa trước gối Phải, gân gót Trái, tình trạng ": 711,
  "Viêm cứng khớp bàn ngón 1 chân phải/ Bướu xương đã mổ, tình trạng Tạm ổn": 712,
  "Viêm dính khớp háng bên Trái/đã mổ thay khớp háng Phải /viêm dính cột sống, tình trạng Ổn": 713,
  "Viêm gân chóp xoay vai Trái, tình trạng Bệnh tỉnh": 714,
  "Viêm hoạt mạc khớp cổ tay trái+ tê 2 tay, tình trạng Tạm ổn": 715,
  "Viêm hoạt mạc mao trạng dạng nốt nhiễm sắc tố gối (P) đã mổ, tình trạng Tạm ổn": 716,
  "Viêm khớp bàn chân, tình trạng Tạm ổn định": 717,
  "Viêm khớp bàn ngón 1 chân phải/ tiểu đường, tình trạng Tạm ổn": 718,
  "Viêm khớp cùng chậu Phải + Thoái hóa cột sống thắt lưng + Gãy kín đầu dưới xương quay đã mổ, tình trạng Tạm ổn": 719,
  "Viêm khớp cùng chậu T, tình trạng Tạm ổn": 720,
  "Viêm khớp cùng chậu phải + Hội chứng tennis-elbow tay phải, tình trạng Ổn": 721,
  "Viêm khớp cổ chân hai bên do Gút + Thoái hóa khớp cổ chân hai bên, tình trạng Tạm ổn": 722,
  "Viêm khớp cổ tay P, tình trạng Tạm ổn": 723,
  "Viêm khớp do bệnh Gout+Thoái hóa khớp gối phải+ tổn thương thần kinh mác chung bên phải  mức độ rất nặng không rõ nguyên nhân, tình trạng Tạm ổn": 724,
  "Viêm khớp gối (T) nhiễm trùng ổn định/ thoái hóa khớp gối (T) nặng kèm trật xương bánh chè (T)/ Viêm loét phần mềm mu bàn chân (T)/ di chứng sau mổ  vẹo cột sống, tình trạng Tạm ổn": 725,
  "Viêm khớp gối (TRÁI) phản ứng/ Bệnh Thalassemie đang điều trị, tình trạng Viêm khớp gối (TRÁI) phản ứng/ Bệnh Thalassemie đang điều trị": 726,
  "Viêm khớp gối Phải + bướu sụn xương đầu dưới xương mác chân Trái, tình trạng Bệnh tỉnh": 727,
  "Viêm khớp gối gút, tình trạng Tạm ổn": 728,
  "Viêm khớp háng Phải mạn tính (Cấy KSĐ: âm tính; GPB: viêm khớp mạn tính), tình trạng Tạm ổn": 729,
  "Viêm khớp háng Phải, tình trạng Bệnh tỉnh": 730,
  "Viêm khớp háng TRÁI+Hủy xương ổ cối TRÁI, tình trạng Ổn": 731,
  "Viêm khớp háng trái, tình trạng Tạm ổn": 732,
  "Viêm khớp, tình trạng Ổn": 733,
  "Viêm loét da phần mềm khuỷu (P) chảy dịch, tình trạng Tạm ổn": 734,
  "Viêm màng gân cơ chân ngỗng bên P, tình trạng Tạm ổn": 735,
  "Viêm màng gân duỗi cổ tay Trái, tình trạng Tạm ổn": 736,
  "Viêm màng gân duỗi mu tay phải/ theo dõi viêm lao màng gân, tình trạng Tổng trạng ổn, vết mổ khô": 737,
  "Viêm màng hoạt dịch và viêm bao gân/ phù nề sau chấn thương, tình trạng Ổn định": 738,
  "Viêm mô mềm mặt lưng cổ tay T. Thoái hóa CSTL, tình trạng Tạm ổn": 739,
  "Viêm mô tế bào cẳng chân (T)/ Td tiến triển nhiễm trùng huyết/ bỏng pô xe, tình trạng Tạm ổn": 740,
  "Viêm mạn tính khớp cổ tay (T), tình trạng Tạm ổn": 741,
  "Viêm mỏm trên lồi cầu ngoài tay P, tình trạng Tổng trạng khỏe": 742,
  "Viêm mỏm trên lồi cầu ngoài tay T, tình trạng Tổng trạng khỏe": 743,
  "Viêm nơi bám gân bánh chè (TRÁI) kèm nhiễm trùng/ Theo dõi Gout, tình trạng Ổn": 744,
  "Viêm nơi bám gân cơ nhị đầu cánh tay phải, tình trạng Tạm ổn": 745,
  "Viêm nơi bám gân duỗi cổ tay trụ (T), tình trạng Tạm ổn": 746,
  "Viêm phần mềm bàn tay (P) nhiễm trùng, tình trạng Tạm ổn": 747,
  "Viêm thoái hóa khớp háng 2 bên, tình trạng ": 748,
  "Viêm xương 1/3 trên xương cánh tay (P) đã mổ KHX, tình trạng Tạm ổn": 749,
  "Viêm xương bán cấp tính 1/3 trên xương chày Phải đã mổ/ thoái hóa khớp, tình trạng Tạm ổn": 750,
  "Viêm xương cánh tay (P) đã kháng sinh/ tạm ổn, tình trạng Tạm ổn": 751,
  "Viêm xương cánh tay Trái, tình trạng Ổn": 752,
  "Viêm xương mãn tính xương chày P, dị ứng thuốc cefalosporin, cipro, erythromycine, tình trạng Tạm ổn định": 753,
  "Viêm xương mãn tính xương chày Phải, tình trạng Ổn": 754,
  "Viêm xương tủy vùng cành chậu mu Phải/ thoái hóa khớp, tình trạng Tạm ổn": 755,
  "Viêm xương tủy xương chày (T) ổn định, tình trạng Ổn": 756,
  "Viêm xương tủy xương chày Phải đã mổ/Thoái hóa khớp, tình trạng Bệnh tỉnh": 757,
  "Viêm xương tủy xương cánh tay (T) đã mổ sinh thiết- GPB: Viêm xương cấp tính, tình trạng Tạm ổn": 758,
  "Viêm xương tủy xương mác T (đã mổ ở BvUB), tình trạng Tổng trạng khỏe": 759,
  "Viêm xương tủy xương quay tay trái, tình trạng Bệnh tỉnh": 760,
  "Viêm xương tủy xương đùi (P)+ Thoái hóa khớp gối (P)/ mổ 8 tuần, tình trạng Tạm ổn": 761,
  "Viêm xương tủy xương đùi T, tình trạng Tạm ổn": 762,
  "Viêm xương tủy xương- xương chày (T) tái phát, tình trạng Viêm xương tủy xương- xương chày (T) tái phát": 763,
  "Viêm xương tủy đầu trên xương đùi P, tình trạng Tạm ổn": 764,
  "Viêm xương tủy ở chỏm xương mác trái, tình trạng Tạm ổn": 765,
  "Viêm xương đùi PHẢI mãn tính, tình trạng Tạm ổn định": 766,
  "Viêm xương đầu dưới xương chày (P) đã mổ, tình trạng Tạm ổn": 767,
  "Viêm xương đầu trên xương trụ phải, tình trạng Tạm ổn": 768,
  "Viêm đa khớp / K phổi di căn hạch, tình trạng Ổn": 769,
  "Viêm đa khớp dạng thấp (RF: +), tình trạng Tạm ổn": 770,
  "Viêm đa khớp, tình trạng Bệnh tỉnh": 771,
  "Viêm điểm bám gân gót chân Phải + Tennis Elbow tay Phải + Hoại tử chỏm xương đùi (P) đã mổ PTH (P), tình trạng Bệnh tỉnh": 772,
  "bướu lành sụn đầu dưới xương đùi (P)/ mổ 2 năm+ thoái hóa khớp gối (P)+ Suy tĩnh mạch chân, tình trạng Ổn": 773,
  "gãy cũ đầu dưới xương chày trái KHỚP GIẢ CẲNG CHÂN đã mổ  gãy nẹp, tình trạng Tạm ổn": 774,
  "gãy kín đầu dưới 2 xương cẳng chân Trái đã KHX/ CT gối Trái đã mổ 7 năm, tình trạng Bệnh tỉnh": 775,
  "sacom cận võ xương cánh tay T/ 9 năm., tình trạng Tạm ổn": 776,
  "sar. cận vỏ tái phát xương cánh tay (P) đã mổ 4 năm, tình trạng Tạm ổn": 777,
  "sarcôm màng khớp đùi phải, tình trạng Ổn": 778,
  "viêm cơ hóa cốt đùi (P), tình trạng Ổn": 779,
  "Đau căng cơ cột sống thắt lưng + ngón tay bật ngón III 2 tay, tình trạng Bệnh tỉnh": 780,
  "Đau căng cơ vùng cột sống thắt lưng, tình trạng Bệnh tỉnh": 781,
  "Đau căng cơ vùng cột sống thắt lưng/ Thoái hóa cột sống thắt lưng, tình trạng Tạm ổn": 782,
  "Đau cơ cẳng chân (P)/Thoái hóa khớp gối P đã mổ thay khớp/ sốt bại liệt chân Trái, tình trạng Tổng trạng khỏe": 783,
  "Đau cơ năng gối (PHẢI), tình trạng Tạm ổn": 784,
  "Đau cơ vùng lưng+ Viêm nơi bám mỏm trên lồi cầu trong 2 tay, tình trạng Tạm ổn": 785,
  "Đau dây thần kinh toạ 2 bên+ Thoái hóa khớp, tình trạng Ổn": 786,
  "Đau dây thần kinh toạ PHẢI+ Thoái hóa khớp, tình trạng Ổn": 787,
  "Đau dây thần kinh toạ trái + thoái hóa cột sống/ Thay khớp háng trái toàn trái toàn phần không xi măng, tình trạng Ổn": 788,
  "Đau háng trái cơ năng, tình trạng Đau háng trái cơ năng": 789,
  "Đau khớp do tăng trưởng, tình trạng Tạm ổn định": 790,
  "Đau khớp, tình trạng Ổn": 791,
  "Đau lưng cơ năng và gối T, tình trạng Tạm ổn": 792,
  "Đau lưng cơ năng, tình trạng Tổng trạng khỏe": 793,
  "Đau thần kinh tọa Trái do bệnh lý đĩa đệm, giãn tĩnh mạch 2 chân, tình trạng Tạm ổn": 794,
  "Đau vai gáy lan tay, viêm cơ cốt hóa vùng vai Phải, tình trạng Tạm ổn định": 795,
  "Đứt DCCT, bán phần DCCS rách sừng trước, sừng sau sụn chêm ngoài gối trái/ chuyển sản sụn màng khớp, tình trạng Tạm ổn": 796,
  "Đứt bán phần dây chằng chéo trước gối phải, tụ máu gối PHẢI đã tiểu phẫu, tình trạng Tạm ổn": 797,
  "Đứt bán phần dây chằng chéo trước, rách sừng trước sụn chêm ngoài gối trái 3 tháng, tình trạng Tạm ổn": 798,
  "Đứt bán phần gân duỗi ngón 1 tay Phải, tình trạng Bệnh tỉnh": 799,
  "Đứt dây chằng chéo trước gối Phải đã mổ/ Theo dõi nhiễm trùng, tình trạng Đứt dây chằng chéo trước gối Phải đã mổ/ Theo dõi nhiễm trùng": 800,
  "Đứt dây chằng chéo trước gối Trái đã mổ+ Thoái hóa khớp gối, tình trạng Ổn": 801,
  "Đứt dây chằng chéo trước gối Trái, tình trạng Tạm ổn": 802,
  "Đứt dây chằng chéo trước gối trái đã mổ 6 tuần/ đau thần kinh tọa, tình trạng Tạm ổn": 803,
  "Đứt dây chằng chéo trước gối trái, tình trạng Tạm ổn": 804,
  "Đứt dây chằng chéo trước và chéo sau kèm rách sụn chêm trong gối trái, tình trạng Tạm ổn": 805,
  "Đứt gân gót P đã mổ 2,5 tháng, thoái hóa khớp gối trái, tình trạng Tạm ổn": 806,
  "Đứt một phần chằng bên trong gối Phải 1 tháng + nang hoạt dịch khoeo gối Trái, tình trạng Tạm ổn": 807
}